nazwa,krs,nip,regon,adres,nr_lokalu,kod_pocztowy,miejscowosc,forma_prawna,data_rejestracji,szer,dlug
SPÓŁDZIELNIA MIESZKANIOWA KUKUŁEK,0001060577,5214037859,52648148100000,+PUŁAWSKA+77+WARSZAWA,,02-595,WARSZAWA,SPÓŁDZIELNIA,28.09.2023,52.20141505,21.024422825319487
"SPÓŁDZIELNIA ""OWNERSHIP""",0001007387,5213997385,52394695600000,+GRAŻYNY+13+WARSZAWA,,02-548,WARSZAWA,SPÓŁDZIELNIA,16.12.2022,52.2036254,21.0202967
SPÓŁDZIELNIA DOBRZE,0001005489,5213996960,52392760500000,+POLNA+18/20+WARSZAWA,,00-625,WARSZAWA,SPÓŁDZIELNIA,14.12.2022,52.2159255,21.0183832
"SPÓŁDZIELNIA MIESZKANIOWA ""OSTOJA""",0001006590,1133079805,52385832400000,ALEJA+STANÓW+ZJEDNOCZONYCH+72+WARSZAWA,UŻ. 24,04-036,WARSZAWA,SPÓŁDZIELNIA,06.12.2022,52.243184,21.0851665
SPÓŁDZIELNIA PRACY KOOPERATYWA RAZEM,0000980939,5252914759,52252164000000,ALEJA+KOMANDOSÓW+33+WARSZAWA,,04-485,WARSZAWA,SPÓŁDZIELNIA,07.07.2022,52.2530859,21.168220347874797
SPÓŁDZIELNIA SOCJALNA SŁUSZNA STRAWA,0000913379,5213938247,38986134400000,+WAWRZYŃCA+ŻUŁAWSKIEGO+4/6+WARSZAWA,,02-641,WARSZAWA,SPÓŁDZIELNIA,02.09.2021,52.19083575,20.991232119633995
"SPÓŁDZIELNIA SOCJALNA ""CATERIE""",0000915297,7011046914,38966338300000,+ADOLFA+SULIGOWSKIEGO+11/15+WARSZAWA,8,00-466,WARSZAWA,SPÓŁDZIELNIA,06.08.2021,52.211339499999994,21.045590366208835
SPÓŁDZIELNIA SOCJALNA OCHOTA,0000899275,5272957648,38893334300000,+SZCZĘŚLIWICKA+36+WARSZAWA,,02-353,WARSZAWA,SPÓŁDZIELNIA,10.05.2021,52.2180836,20.9717795
PLZ SPÓŁDZIELNIA,0000894451,5272955419,38870577700000,+GRAŻYNY+13+WARSZAWA,,02-548,WARSZAWA,SPÓŁDZIELNIA,15.04.2021,52.2036254,21.0202967
VITALNA SPÓŁDZIELNIA SOCJALNA,0000892358,7011029152,38868781000000,+BITWY+POD+LENINO+13+WARSZAWA,,01-118,WARSZAWA,SPÓŁDZIELNIA,14.04.2021,52.2385587,20.944192176103925
"SPÓŁDZIELNIA SOCJALNA ""GWIAZDKA"" W LIKWIDACJI",0000884629,1133028216,38826023000000,+JANA+ZAMOYSKIEGO+43+WARSZAWA,U4/315,03-801,WARSZAWA,SPÓŁDZIELNIA,23.02.2021,52.2477263,21.0490042
"SPÓŁDZIELNIA BUDOWLANO MIESZKANIOWA ""LOKUM""",0000771170,5252780425,38257608900000,+FLORIAŃSKA+6+WARSZAWA,02,03-707,WARSZAWA,SPÓŁDZIELNIA,14.02.2019,52.2524878,21.0337914
"SPÓŁDZIELNIA MIESZKANIOWA ""KOSZYKOWA 60/62""",0000752037,7010875005,38151450200000,+KOSZYKOWA+60/62+WARSZAWA,39,00-673,WARSZAWA,SPÓŁDZIELNIA,08.10.2018,52.2227226,21.011396
"SPÓŁDZIELNIA MIESZKANIOWA ""NAŁĘCZOWSKA 50/60""",0000749306,5213841418,38143478900000,+NAŁĘCZOWSKA+60+WARSZAWA,,02-922,WARSZAWA,SPÓŁDZIELNIA,01.10.2018,52.1769424,21.0663354
SPÓŁDZIELNIA SOCJALNA FENIX W WARSZAWIE,0000749174,7182149733,38132841000000,+WILLIAMA+HEERLEINA+LINDLEYA+16+WARSZAWA,,02-013,WARSZAWA,SPÓŁDZIELNIA,17.09.2018,52.226278,20.996286
SPÓŁDZIELNIA SOCJALNA DLA ZDROWIA,0000748529,5461394784,38128409000000,+DŁUGA+29+WARSZAWA,,00-238,WARSZAWA,SPÓŁDZIELNIA,11.09.2018,52.2465383,21.0044545
BIOVALLEY SPÓŁDZIELNIA SOCJALNA,0000742589,5252757863,38087537900000,+ZŁOTA+9+WARSZAWA,14,00-019,WARSZAWA,SPÓŁDZIELNIA,31.07.2018,52.2327432,21.0116281
"SPÓŁDZIELNIA MIESZKANIOWA ""NOWA 29""",0000740785,5213834826,38081289300000,+STUDENCKA+29+WARSZAWA,,02-735,WARSZAWA,SPÓŁDZIELNIA,23.07.2018,52.173968200000004,21.029792520116004
"SPÓŁDZIELNIA MIESZKANIOWA ""ATUTOWA""",0000732250,5242865002,38029348200000,+ATUTOWA+11+WARSZAWA,,03-126,WARSZAWA,SPÓŁDZIELNIA,18.05.2018,52.3167857,20.9546388
SPÓŁDZIELNIA MIESZKANIOWA SZARY DOM,0000696164,9512446057,36833984500000,+MELCHIORA+WAŃKOWICZA+5B+WARSZAWA,,02-796,WARSZAWA,SPÓŁDZIELNIA,22.09.2017,52.1339505,21.064668059389547
PLATINUM OSTRÓDA - SPÓŁDZIELNIA,0000682973,5272811287,36755420500000,+WRONIA+45+WARSZAWA,175,00-870,WARSZAWA,SPÓŁDZIELNIA,14.06.2017,52.2349933,20.9849215
"SPÓŁDZIELNIA MIESZKANIOWA ""PLACÓWKA 1983""",0000657544,1132927036,36634198000000,+GROCHOWSKA+244A+WARSZAWA,,04-368,WARSZAWA,SPÓŁDZIELNIA,13.01.2017,52.2457662,21.080427
"SPÓŁDZIELNIA MIESZKANIOWA ""PRZY SADACH""",0000644401,5252683314,36579104200000,+BRACI+ZAŁUSKICH+11+WARSZAWA,,01-773,WARSZAWA,SPÓŁDZIELNIA,04.11.2016,52.2697551,20.967174175140187
SPÓŁDZIELNIA SOCJALNA POGŁOS,0000637611,5272780813,36547899000000,+SADY+ŻOLIBORSKIE+13+WARSZAWA,23,01-772,WARSZAWA,SPÓŁDZIELNIA,26.09.2016,52.2661898,20.971655746053603
"SPÓŁDZIELNIA SOCJALNA ""POŻYWIENIE - DAREM SERCA""",0000626144,5252669082,36497383500000,+KS.+JERZEGO+POPIEŁUSZKI+14+WARSZAWA,117,01-590,WARSZAWA,SPÓŁDZIELNIA,13.07.2016,52.2697607,20.9755557
SPÓŁDZIELNIA SOCJALNA 4SMART,0000608681,9512409352,36401494500000,+GROCHOWSKA+178/184+WARSZAWA,,04-357,WARSZAWA,SPÓŁDZIELNIA,22.03.2016,52.2453687,21.09009654923407
"SPÓŁDZIELNIA MIESZKANIOWA ""SPÓŁDZIELNIA RAZEM""",0000597910,5272757808,36360854200000,+PAŃSKA+98+WARSZAWA,72,00-837,WARSZAWA,SPÓŁDZIELNIA,26.01.2016,52.230768,20.9893643
"SPÓŁDZIELNIA MIESZKANIOWA ""WSPÓLNY DOM""",0000596023,1132901060,36350275000000,+SEROCKA+3+WARSZAWA,25,04-333,WARSZAWA,SPÓŁDZIELNIA,12.01.2016,52.2434614,21.0985479
SPÓŁDZIELNIA SYSTEMU OCHRONY ZRZESZENIA BPS,0000572997,5272743717,36240726700000,+GRZYBOWSKA+81+WARSZAWA,,00-844,WARSZAWA,SPÓŁDZIELNIA,31.08.2015,52.2327806,20.9801334
ŁÓDZKA SPÓŁDZIELNIA GRUPA PRODUCENTÓW MLEKA,0000560384,5252622666,36188381800000,+HOŻA+66/68+WARSZAWA,,00-682,WARSZAWA,SPÓŁDZIELNIA,26.06.2015,52.22545025,21.0098396145416
SPÓŁDZIELNIA SOCJALNA KOOPERATYWY GROCHOWSKIEJ,0000562918,1132891887,36185146800000,+LUDWIKA+MICHAŁA+PACA+40+WARSZAWA,,04-386,WARSZAWA,SPÓŁDZIELNIA,24.06.2015,52.249019700000005,21.083404437249374
SPÓŁDZIELNIA SOCJALNA BIZ W LIKWIDACJI,0000525466,5252599074,14749427000000,DUCHNICKA+3+WARSZAWA,89,01-796,WARSZAWA,SPÓŁDZIELNIA,27.10.2014,52.256370950000004,20.97137158620719
SPÓŁDZIELNIA MIESZKANIOWA KABATY SEGMENTY W LIKWIDACJI,0000511080,9512379993,14725641200000,+WITA+STWOSZA+50+WARSZAWA,4A,02-661,WARSZAWA,SPÓŁDZIELNIA,27.05.2014,52.17894815,21.019618648017115
"SPÓŁDZIELNIA SOCJALNA ""EDUKATOR""",0000504961,5252589354,14723210400000,+LUDWIKA+RYDYGIERA+8+BUD.19+WARSZAWA,,01-793,WARSZAWA,SPÓŁDZIELNIA,12.05.2014,n,n
"SPÓŁDZIELNIA SOCJALNA ""PIEKIEŁKO""",0000502673,6652993734,30267632400000,+MARSZAŁKOWSKA+58+WARSZAWA,15,00-545,WARSZAWA,SPÓŁDZIELNIA,20.03.2014,52.2238932,21.01585296368421
"SPÓŁDZIELNIA SOCJALNA ""POŻYTECZNI""",0000493256,9512376316,14707087700000,PUSZCZYKA+3+M.+ST.+WARSZAWA,27,02-785,M. ST. WARSZAWA,SPÓŁDZIELNIA,22.01.2014,52.1575396,21.022410078423103
"SPÓŁDZIELNIA SOCJALNA ""PIĘKNE MIEJSCE""",0000489771,5223011664,14701016000000,TRAKTORZYSTÓW+26+WARSZAWA,,02-495,WARSZAWA,SPÓŁDZIELNIA,09.12.2013,52.197365899999994,20.886019842995154
"SPÓŁDZIELNIA SOCJALNA ""KTO RANO WSTAJE""",0000479996,5272702701,14691233400000,+GEN.+KAZIMIERZA+SOSNKOWSKIEGO+29+WARSZAWA,,02-495,WARSZAWA,SPÓŁDZIELNIA,07.10.2013,52.1929921,20.8859472
PAŁAC W KRUSZEWIE - SPÓŁDZIELNIA MEDYCZNA,0000469897,5272697006,14678483000000,+GRZYBOWSKA+87+WARSZAWA,,00-844,WARSZAWA,SPÓŁDZIELNIA,16.07.2013,52.23236395,20.97797605921646
SPÓŁDZIELNIA MIESZKANIOWA KOWIEŃSKA 9,0000451702,1132863112,14654591800000,KOWIEŃSKA+9+WARSZAWA,,03-438,WARSZAWA,SPÓŁDZIELNIA,19.02.2013,52.26304605,21.039961651099876
"""SPOŁEM"" SPÓŁDZIELCZY OŚRODEK WYPOCZYNKOWY ""ZORZA""",0000451442,5213644511,14654824200000,GRAŻYNY+13/15+WARSZAWA,,02-548,WARSZAWA,SPÓŁDZIELNIA,19.02.2013,52.2038215,21.0208395
SPÓŁDZIELNIA SOCJALNA WITALIZACJA,0000412527,5252529501,14606188200000,+KIERMASZOWA+14A+WARSZAWA,,01-364,WARSZAWA,SPÓŁDZIELNIA,27.02.2012,52.2335471,20.916740455421785
"SPÓŁDZIELNIA BUDOWLANO-MIESZKANIOWA ""SKARBOWIEC""",0000410983,5250007046,00049054700000,GRÓJECKA+41+WARSZAWA,,02-031,WARSZAWA,SPÓŁDZIELNIA,13.02.2012,52.2171793,20.9823226
SPÓŁDZIELNIA USŁUGOWA VIG EKSPERT W WARSZAWIE,0000405458,7010330228,14592696600000,+JEROZOLIMSKIE+162+WARSZAWA,,02-342,WARSZAWA,SPÓŁDZIELNIA,15.12.2011,52.207859,20.9441096
"SPÓŁDZIELNIA SOCJALNA ""RODZINA",0000398081,9512349058,14582622000000,SUROWIECKIEGO+8+WARSZAWA,57,02-785,WARSZAWA,SPÓŁDZIELNIA,05.10.2011,52.1603253,21.0206696
"CHRZEŚCIJAŃSKA SPÓŁDZIELNIA SOCJALNA ""NASZ DOMEK""",0000397218,5222990388,14581820200000,+KAWY+42+WARSZAWA,8,01-496,WARSZAWA,SPÓŁDZIELNIA,27.09.2011,52.26069605,20.922772903713614
AKCES LAB - SPÓŁDZIELNIA SOCJALNA W LIKWIDACJI,0000395090,1132845686,14487889200000,+WASZYNGTONA+41+WARSZAWA,68,04-015,WARSZAWA,SPÓŁDZIELNIA,05.09.2011,52.2431068,21.0742891
"SPÓŁDZIELNIA MIESZKANIOWA ""TARCZYŃSKA""",0000394357,5213613953,14402059000000,+TARCZYŃSKA+5/9+WARSZAWA,,02-025,WARSZAWA,SPÓŁDZIELNIA,23.08.2011,52.2232259,20.9891485
"SPÓŁDZIELNIA BUDOWLANO - MIESZKANIOWA ""SPÓŁDZIELNIA MIELECKA""",0000382149,5262340308,00049136300000,CECYLII+ŚNIEGOCKIEJ+10+WARSZAWA,,00-430,WARSZAWA,SPÓŁDZIELNIA,30.03.2011,52.22670725,21.035683952511114
"SPÓŁDZIELNIA SOCJALNA ""POKÓJ SZTUKI""",0000372163,1132824371,14270658900000,+RADZYMIŃSKA+53+WARSZAWA,40,03-751,WARSZAWA,SPÓŁDZIELNIA,03.12.2010,52.260817900000006,21.053426619335028
"WARSZAWSKA SPÓŁDZIELNIA MIESZKANIOWA ""GRÓJECKA""",0000367513,7010264460,14262889500000,GRÓJECKA+77+WARSZAWA,,02-094,WARSZAWA,SPÓŁDZIELNIA,13.10.2010,52.2121274,20.9792249
POLIGRAFICZNA SPÓŁDZIELNIA PRACY INTROGRAFIA,0000363238,9522095352,14255200500000,+WIŚNIOWA+50+WARSZAWA,,02-520,WARSZAWA,SPÓŁDZIELNIA,19.08.2010,52.2082469,21.0146208
"SPÓŁDZIELNIA BUDOWLANO-MIESZKANIOWA ""BOWIG""",0000347590,5261048818,00049030000000,FILTROWA+61+WARSZAWA,,02-056,WARSZAWA,SPÓŁDZIELNIA,09.03.2010,52.218746800000005,20.997194841880642
"SPÓŁDZIELNIA BUDOWLANO-MIESZKANIOWA ""PODLEŚNA""",0000330634,1181389194,00090109700000,KIWERSKA+1+WARSZAWA,,01-682,WARSZAWA,SPÓŁDZIELNIA,19.06.2009,52.284080599999996,20.972244106207636
"SPÓŁDZIELNIA MIESZKANIOWA ""PERKUN""",0000329877,1132763310,14186125300000,PERKUNA+56+WARSZAWA,,04-180,WARSZAWA,SPÓŁDZIELNIA,19.05.2009,52.233092600000006,21.10253618746044
"SPÓŁDZIELNIA MIESZKANIOWA ""STARY IMIELIN""",0000328279,9512319353,14187783400000,BOCIANIA+28+WARSZAWA,,02-807,WARSZAWA,SPÓŁDZIELNIA,22.04.2009,52.14919505,21.021222257079998
"SPÓŁDZIELNIA ""KOOPERATYWA POZARZĄDOWA""",0000314716,7010183690,14163632600000,+CHODAKOWSKA+24+WARSZAWA,11,03-828,WARSZAWA,SPÓŁDZIELNIA,06.10.2008,52.2499654,21.0668261
"SPÓŁDZIELNIA BUDOWLANO-MIESZKANIOWA ""DROGOWIEC-KABATY""",0000310852,5271044673,00139379200000,MIELCZARSKIEGO+5+WARSZAWA,,02-798,WARSZAWA,SPÓŁDZIELNIA,31.07.2008,52.1291353,21.0600942
KRAJOWY ZWIĄZEK GRUP PRODUCENTÓW OWOCÓW I WARZYW - SPÓŁDZIELNIA OSÓB PRAWNYCH,0000306904,5252449469,14145682500000,ŚWIĘTOKRZYSKA+20+WARSZAWA,321,00-002,WARSZAWA,SPÓŁDZIELNIA,29.05.2008,52.2357368,21.0097984
"SPÓŁDZIELNIA BUDOWLANO-MIESZKANIOWA ""NA BEDNARSKIEJ""",0000287421,5251999535,00049005600000,BEDNARSKA+27+WARSZAWA,,00-321,WARSZAWA,SPÓŁDZIELNIA,12.09.2007,52.244724149999996,21.015595068396667
"SPÓŁDZIELNIA MIESZKANIOWA ""IDEALNE MIESZKANIE-CENTRUM""",0000283922,7010074073,14102905200000,HOŻA+43/49+WARSZAWA,,00-681,WARSZAWA,SPÓŁDZIELNIA,29.06.2007,52.2254178,21.0109662
"SPÓŁDZIELNIA BUDOWLANO - MIESZKANIOWA ""BOYA 2""",0000279277,7010086490,14107813900000,BOYA-ŻELEŃSKIEGO+2+WARSZAWA,,00-621,WARSZAWA,SPÓŁDZIELNIA,16.06.2007,52.2134549,21.0202299
"SPÓŁDZIELNIA DOMÓW JEDNORODZINNYCH ""IWONKA"" W LIKWIDACJI",0000277030,5212183999,01062830500000,BRUZDOWA+105+WARSZAWA,,02-991,WARSZAWA,SPÓŁDZIELNIA,23.03.2007,52.1696029,21.114978454411673
"SPÓŁDZIELNIA MIESZKANIOWA ""KIWERSKA"" W WARSZAWIE",0000275466,5250007017,00200321500000,KIWERSKA+14+WARSZAWA,,01-682,WARSZAWA,SPÓŁDZIELNIA,28.02.2007,52.2836169,20.96777313642674
"HANDLOWO-USŁUGOWA SPÓŁDZIELNIA OSÓB PRAWNYCH ""SAMOPOMOC CHŁOPSKA"" W WARSZAWIE",0000275133,5252389951,14091362800000,KOPERNIKA+30+WARSZAWA,,00-336,WARSZAWA,SPÓŁDZIELNIA,28.02.2007,52.2372498,21.0207428
SPÓŁDZIELNIA BUDOWLANO-MIESZKANIOWA CHATA,0000269602,1131459567,00049048700000,GROCHOWSKA+326+WARSZAWA,,03-838,WARSZAWA,SPÓŁDZIELNIA,12.12.2006,52.24713945,21.059243414946803
SPÓŁDZIELNIA BUDOWLANO-MIESZKANIOWA ATRIUM,0000268904,5251993768,00087419900000,WOLBROMSKA+61+I+WARSZAWA,,03-680,WARSZAWA,SPÓŁDZIELNIA,07.12.2006,52.2836589,21.08225539900891
"CENTRALNY ZWIĄZEK SPÓŁDZIELCZOŚCI RĘKODZIEŁA LUDOWEGO I ARTYSTYCZNEGO ""CEPELIA"" W LIKWIDACJI",0000267058,5250008086,00039876400000,+JASNA+1+WARSZAWA,420,00-013,WARSZAWA,SPÓŁDZIELNIA,06.11.2006,52.2335931,21.0119722
"SPÓŁDZIELNIA BUDOWLANO-MIESZKANIOWA ""DRNA""",0000266765,5251575427,00049078300000,MICKIEWICZA+18+WARSZAWA,45,01-517,WARSZAWA,SPÓŁDZIELNIA,30.10.2006,52.2616301,20.993713
"SPÓŁDZIELNIA USŁUGOWA ""NASZE OSIEDLE""",0000266589,9512197714,14073994600000,"M.SENGERA+""CICHEGO""+4+WARSZAWA",2A,02-790,WARSZAWA,SPÓŁDZIELNIA,26.10.2006,n,n
"SPÓŁDZIELNIA MIESZKANIOWA ""ORLIK-JANTAR""",0000263802,1132633010,14068928900000,SALAMANDRY+3+WARSZAWA,,03-982,WARSZAWA,SPÓŁDZIELNIA,18.09.2006,52.2259685,21.0921575
"SPÓŁDZIELNIA MIESZKANIOWA ""WILGA 2000""",0000263785,1132633004,14069008000000,SZKOŁY+ORLĄT+4+WARSZAWA,UŻYTKOWY 5,03-984,WARSZAWA,SPÓŁDZIELNIA,15.09.2006,52.2286331,21.1065722
"SPÓŁDZIELNIA MIESZKANIOWA ""NASZA FAMILIA""",0000263510,9511016047,01064820700000,DEMBEGO+12+WARSZAWA,,02-796,WARSZAWA,SPÓŁDZIELNIA,11.09.2006,52.1315818,21.0758024
"SPÓŁDZIELNIA MIESZKANIOWA ""SZKLANY DOM""",0000260415,1130213864,00049160100000,LONDYŃSKA+8+WARSZAWA,8,03-921,WARSZAWA,SPÓŁDZIELNIA,13.07.2006,52.23437895,21.064547707896764
SPÓŁDZIELNIA BUDOWLANO-MIESZKANIOWA PRACOWNIKÓW PRZEMYSŁU CUKROWNICZEGO,0000254510,5250006526,00049124500000,ROZBRAT+34/36+WARSZAWA,,00-429,WARSZAWA,SPÓŁDZIELNIA,05.04.2006,52.2264563,21.034930589727274
"SPÓŁDZIELNIA BUDOWLANO - MIESZKANIOWA ""DOM ROZBRAT""",0000251730,5261670529,00049123900000,ROZBRAT+6+WARSZAWA,,00-451,WARSZAWA,SPÓŁDZIELNIA,24.02.2006,52.2224607,21.035848663595452
"SPÓŁDZIELNIA BUDOWLANO-MIESZKANIOWA ""OGNISKO""",0000250524,5251000891,00048991700000,+NIEPODLEGŁOŚCI+210+WARSZAWA,,00-608,WARSZAWA,SPÓŁDZIELNIA,14.02.2006,52.217627,21.0054501
"MIĘDZYZAKŁADOWA SPÓŁDZIELNIA MIESZKANIOWA ""GRABÓW""",0000244952,9510024926,00090420400000,PUŁAWSKA+300+A+WARSZAWA,,02-819,WARSZAWA,SPÓŁDZIELNIA,15.11.2005,52.1473635,21.0169643
"SPÓŁDZIELNIA BUDOWLANO-MIESZKANIOWA NAUCZYCIELI SZKÓŁ ŚREDNICH ""ZNICZ""",0000242346,5251736528,00049080800000,MICKIEWICZA+37+WARSZAWA,,01-625,WARSZAWA,SPÓŁDZIELNIA,29.09.2005,52.24436555,21.221956228785842
"SPÓŁDZIELNIA BUDOWLANO-MIESZKANIOWA ""PUŁAWIANKA""",0000237805,9511961656,00049185400000,PUŁAWSKA+483+WARSZAWA,,02-844,WARSZAWA,SPÓŁDZIELNIA,12.07.2005,52.1330479,21.01857407094281
"""NOWOSIELECKA"" SPÓŁDZIELNIA MIESZKANIOWA",0000234840,5262870495,14015959700000,NOWOSIELECKA+14A+WARSZAWA,,00-466,WARSZAWA,SPÓŁDZIELNIA,15.06.2005,52.211410900000004,21.046380956385928
SPÓŁDZIELNIA BUDOWLANO-MIESZKANIOWA BRATNIAK,0000232999,5250012981,00087284600000,ŚNIADECKICH+17A+WARSZAWA,24,00-654,WARSZAWA,SPÓŁDZIELNIA,03.06.2005,52.2206179,21.0136316
"SPÓŁDZIELCZE STOWARZYSZENIE MIESZKANIOWE ""MOJE MIESZKANIE""",0000231960,1132548014,14011934000000,KOWELSKA+4+WARSZAWA,33,03-432,WARSZAWA,SPÓŁDZIELNIA,07.04.2005,52.262114350000004,21.040831069832457
"MŁODZIEŻOWA SPÓŁDZIELNIA MIESZKANIOWA PRACOWNIKÓW ""RÓŻY""",0000231029,5250012538,00107188700000,MIEDZIANA+14+WARSZAWA,,00-835,WARSZAWA,SPÓŁDZIELNIA,07.04.2005,52.22984785,20.99091830894608
"WŁASNOŚCIOWA SPÓŁDZIELNIA MIESZKANIOWA ""HOŻA 5-7""",0000230579,5250007098,01205304000000,HOŻA+5/7+WARSZAWA,81,00-528,WARSZAWA,SPÓŁDZIELNIA,17.03.2005,52.2276265,21.0212473
"SPÓŁDZIELNIA MIESZKANIOWA ""MERKURY SZCZĘŚLIWICE""",0000230555,5261736228,00098193700000,URBANISTÓW+1+WARSZAWA,,02-397,WARSZAWA,SPÓŁDZIELNIA,17.03.2005,52.20686705,20.967198399796334
"SPÓŁDZIELNIA BUDOWLANO-MIESZKANIOWA ""ZACISZE""",0000224390,5212893092,00049130500000,SŁONECZNA+50+WARSZAWA,,00-789,WARSZAWA,SPÓŁDZIELNIA,28.12.2004,52.20961095,21.025005737698102
"SPÓŁDZIELNIA DOMKÓW JEDNORODZINNYCH ""JANOWSKIEGO-BASZTA""",0000224384,9511205446,01210739000000,JANOWSKIEGO+ALEKSANDRA+2+WARSZAWA,,02-784,WARSZAWA,SPÓŁDZIELNIA,20.12.2004,52.15274745,21.021171726592264
"SPÓŁDZIELNIA MIESZKANIOWA ""STARÓWKA"" W WARSZAWIE",0000224292,5250012260,00048977400000,PAŃSKA+59+WARSZAWA,,00-830,WARSZAWA,SPÓŁDZIELNIA,17.12.2004,52.231817449999994,20.995455251052288
"SPÓŁDZIELNIA BUDOWLANO-MIESZKANIOWA ""GŻEGŻÓŁKI""",0000221082,9512125956,01587339200000,GŻEGŻÓŁKI+10+WARSZAWA,,02-804,WARSZAWA,SPÓŁDZIELNIA,09.11.2004,52.14984965,21.0281558689088
"SPÓŁDZIELNIA BUDOWLANO MIESZKANIOWA ""RONDO""",0000218909,5210418004,00049122200000,+TADEUSZA+REJTANA+9A+WARSZAWA,3,02-516,WARSZAWA,SPÓŁDZIELNIA,06.10.2004,52.20758805,21.01962716363696
"SPÓŁDZIELNIA BUDOWLANO-MIESZKANIOWA ""SAMODZIELNA""",0000217738,5251000394,00049101500000,ORLA+8+WARSZAWA,,00-143,WARSZAWA,SPÓŁDZIELNIA,22.09.2004,52.24988225,21.253847373465476
"SPÓŁDZIELNIA BUDOWLANO - MIESZKANIOWA ""NASZA""",0000212657,5212753907,00049008500000,BELGIJSKA+12+WARSZAWA,,02-511,WARSZAWA,SPÓŁDZIELNIA,12.07.2004,52.202748150000005,21.024508871419762
"SPÓŁDZIELNIA MIESZKANIOWA ""RODZINKA""",0000212445,5222236651,01085081900000,WOJCIECHOWSKIEGO+35+WARSZAWA,,02-495,WARSZAWA,SPÓŁDZIELNIA,12.07.2004,52.194832149999996,20.872344214548924
"SPÓŁDZIELNIA BUDOWLANO-MIESZKANIOWA ""DZIENNIKARZ""",0000211268,5261737802,01251074300000,BIAŁOBRZESKA+68+WARSZAWA,99,02-325,WARSZAWA,SPÓŁDZIELNIA,29.06.2004,52.220961450000004,20.97868101646018
"SPÓŁDZIELNIA MIESZKANIOWA "" ZWYCIĘZCÓW""",0000211048,1132486448,01575602500000,ZWYCIĘZCÓW+4+D+WARSZAWA,,03-941,WARSZAWA,SPÓŁDZIELNIA,24.06.2004,52.22963275,21.05186964198697
"SPÓŁDZIELNIA MIESZKANIOWA ""WASZYNGTONA""",0000210997,1132486313,01575495400000,KINOWA+19+WARSZAWA,,04-030,WARSZAWA,SPÓŁDZIELNIA,23.06.2004,52.24258915,21.070243106623877
"SPÓŁDZIELNIA MIESZKANIOWA ""PRZYCZÓŁEK GROCHOWSKI""",0000210996,1132486336,01575494800000,OSTRZYCKA+2/4+WARSZAWA,,04-035,WARSZAWA,SPÓŁDZIELNIA,23.06.2004,52.2341463,21.0784591
KRAJOWY SAMORZĄDOWY FUNDUSZ POŻYCZKOWY - SPÓŁDZIELNIA OSÓB PRAWNYCH,0000210493,5252299449,01575503700000,MIODOWA+14+WARSZAWA,,00-246,WARSZAWA,SPÓŁDZIELNIA,22.06.2004,52.2475418,21.0092862
"SPÓŁDZIELNIA MIESZKANIOWA ""MONOLIT""",0000209737,5272140982,00092807300000,DEOTYMY+19/21+WARSZAWA,,01-407,WARSZAWA,SPÓŁDZIELNIA,15.06.2004,52.241692799999996,20.947926615247255
"SPÓŁDZIELNIA BUDOWLANO-MIESZKANIOWA ""ZIMOWE LEŻE""",0000206656,5250012811,00049132800000,SŁOWACKIEGO+27/33+WARSZAWA,,01-592,WARSZAWA,SPÓŁDZIELNIA,17.05.2004,52.2708541,20.9762064
SPÓŁDZIELNIA MIESZKANIOWA MICKIEWICZA POTOK,0000201902,5252295167,01570930400000,MICKIEWICZA+70+WARSZAWA,90,01-650,WARSZAWA,SPÓŁDZIELNIA,30.03.2004,52.2784914,20.98140345195001
"MIĘDZYZAKŁADOWA SPÓŁDZIELNIA MIESZKANIOWA ""CENTRUM 2""",0000201389,5251000081,00101497800000,ŁUKASZCZYKA+35+WARSZAWA,22,02-781,WARSZAWA,SPÓŁDZIELNIA,24.03.2004,52.1489071,21.02833678085674
"SPÓŁDZIELNIA BUDOWLANO-MIESZKANIOWA ""BATORY""",0000198403,5250006609,00138241700000,+GIORDANA+BRUNA+32+WARSZAWA,,02-594,WARSZAWA,SPÓŁDZIELNIA,18.03.2004,52.206978,20.99955853115509
"SPÓŁDZIELNIA MIESZKANIOWA ""WIGOR""",0000199944,1130395954,01189847800000,FRENKLA+3+WARSZAWA,1,04-914,WARSZAWA,SPÓŁDZIELNIA,16.03.2004,52.1624784,21.211658553773322
"SPÓŁDZIELNIA MIESZKANIOWA ""PRZANOWSKIEGO""",0000199766,5272242582,01495167000000,PRZANOWSKIEGO+4+WARSZAWA,51,01-457,WARSZAWA,SPÓŁDZIELNIA,15.03.2004,52.23753855,20.934017998687807
"SPÓŁDZIELCZE BIURO PROJEKTÓW ""SDIS-PROJEKT""",0000199886,5250003344,00201110800000,CZARNOMORSKA+13+WARSZAWA,,02-758,WARSZAWA,SPÓŁDZIELNIA,12.03.2004,52.17984895,21.04571703650135
"SPÓŁDZIELNIA BUDOWLANO-MIESZKANIOWA ""SPÓLNOTA MIESZKANIOWA""",0000198901,5250006259,00049038100000,FILTROWA+81+WARSZAWA,13,02-032,WARSZAWA,SPÓŁDZIELNIA,12.03.2004,52.21880415,20.98705678050542
"SPÓŁDZIELNIA BUDOWLANO-MIESZKANIOWA ""PEWNOŚĆ""",0000198793,5252083488,00048998100000,ALEJA+3-GO+MAJA+14+WARSZAWA,5B,00-381,WARSZAWA,SPÓŁDZIELNIA,09.03.2004,n,n
"SPÓŁDZIELNIA BUDOWLANO MIESZKANIOWA ""IMPERIUM""",0000198722,5251001175,01115239400000,ODROWĄŻA+9+WARSZAWA,,03-310,WARSZAWA,SPÓŁDZIELNIA,05.03.2004,52.275397749999996,21.029541004270044
"SPÓŁDZIELNIA MIESZKANIOWA ""WŁODARZEWSKA-ZA PARKIEM""",0000198483,5262753275,01568738200000,WŁODARZEWSKA+51F+WARSZAWA,,02-384,WARSZAWA,SPÓŁDZIELNIA,05.03.2004,52.19935405,20.958683386202065
"SPÓŁDZIELNIA BUDOWLANO MIESZKANIOWA ""SŁAW""",0000197564,5251000218,00049012200000,BRAZYLIJSKA+8+WARSZAWA,50,03-946,WARSZAWA,SPÓŁDZIELNIA,27.02.2004,52.23016045,21.063484335702945
"SPÓŁDZIELNIA BUDOWLANO MIESZKANIOWA ""NADZIEJA""",0000196140,5251629301,00049131100000,SŁOWACKIEGO+25+WARSZAWA,,01-592,WARSZAWA,SPÓŁDZIELNIA,24.02.2004,52.242643099999995,21.21745600380845
"SPÓŁDZIELNIA MIESZKANIOWA ""KOŃSKI JAR - NUTKI""",0000195328,5251000017,01209622600000,NUTKI+2+WARSZAWA,2,02-785,WARSZAWA,SPÓŁDZIELNIA,17.02.2004,52.1621037,21.0225504
"SPÓŁDZIELNIA MIESZKANIOWA ""RADNA""",0000193500,5250012455,00647216000000,RADNA+15A+WARSZAWA,,00-341,WARSZAWA,SPÓŁDZIELNIA,13.02.2004,52.2404942,21.02377241950277
"SPÓŁDZIELNIA MIESZKANIOWA ""ORDYNACKA""",0000194254,5250012225,00141339400000,TAMKA+49+WARSZAWA,13,00-355,WARSZAWA,SPÓŁDZIELNIA,11.02.2004,52.2361509,21.0208525
"SPÓŁDZIELNIA MIESZKANIOWA ""FENIX""",0000193837,5250012892,00049110400000,PLAC+WILSONA+4+WARSZAWA,,01-626,WARSZAWA,SPÓŁDZIELNIA,10.02.2004,52.2694155,20.9848529
"SPÓŁDZIELNIA BUDOWLANO-MIESZKANIOWA ""U SIEBIE II""",0000192908,5261670506,00048992300000,+NIEPODLEGŁOŚCI+217+WARSZAWA,,02-087,WARSZAWA,SPÓŁDZIELNIA,06.02.2004,52.2175735,21.004619
"SPÓŁDZIELNIA BUDOWLANO-MIESZKANIOWA ""PRASA-BLOK"" W LIKWIDACJI",0000191903,5211317535,00049155800000,WORONICZA+20+WARSZAWA,,02-625,WARSZAWA,SPÓŁDZIELNIA,02.02.2004,52.1897639,21.019902196363134
"SPÓŁDZIELNIA MIESZKANIOWA ""PROJEKTANT""",0000191119,5210524462,01056070200000,LUTOCIŃSKA+6+WARSZAWA,,02-656,WARSZAWA,SPÓŁDZIELNIA,28.01.2004,52.1858917,21.01798058493143
"SPÓŁDZIELNIA RZEMIEŚLNICZA ""PRYMAT""",0000191104,5250004993,00125386100000,+JAGIELLOŃSKA+78+WARSZAWA,1.54,03-301,WARSZAWA,SPÓŁDZIELNIA,28.01.2004,52.269046349999996,21.020157259722936
"SPÓŁDZIELNIA BUDOWLANO-MIESZKANIOWA ""S.U.P.""",0000189480,1180051599,00049043500000,GDAŃSKA+2+WARSZAWA,,01-633,WARSZAWA,SPÓŁDZIELNIA,27.01.2004,52.27280295,20.974405476510164
SPÓŁDZIELNIA BUDOWLANO-MIESZKANIOWA W WARSZAWIE UL.MOCHNACKIEGO 17,0000189858,5261739244,00049084300000,MOCHNACKIEGO+17+WARSZAWA,,02-041,WARSZAWA,SPÓŁDZIELNIA,22.01.2004,52.2172034,20.9865377
ZJEDNOCZONA SPÓŁDZIELNIA BUDOWLANO-MIESZKANIOWA,0000189285,5250012900,00049156400000,WASZYNGTONA+12/14+WARSZAWA,4,03-910,WARSZAWA,SPÓŁDZIELNIA,22.01.2004,52.2388279,21.0563993
"SPÓŁDZIELNIA BUDOWLANO-MIESZKANIOWA ""DOM GÓRNOŚLĄSKA 20""",0000188534,5261709929,00049177100000,GÓRNOŚLĄSKA+20+WARSZAWA,,00-484,WARSZAWA,SPÓŁDZIELNIA,22.01.2004,52.22458245,21.029874292082916
"SPÓŁDZIELNIA SPOŻYWCÓW ""MOKPOL""",0000187152,5250004757,00088023100000,KONSTANCIŃSKA+2+WARSZAWA,24,02-942,WARSZAWA,SPÓŁDZIELNIA,22.01.2004,52.1864669,21.0626493
"SPÓŁDZIELNIA MIESZKANIOWA ""CEMIDOM""",0000189242,5211179493,01091235400000,KOLADY+1+WARSZAWA,37,02-691,WARSZAWA,SPÓŁDZIELNIA,20.01.2004,52.17300815,21.00166887387048
"SPÓŁDZIELNIA BUDOWLANO-MIESZKANIOWA ""VISTULA""",0000188459,5250010781,00098961400000,ŁOWICKA+25+WARSZAWA,P 2,02-502,WARSZAWA,SPÓŁDZIELNIA,16.01.2004,52.2008645,21.00472294352871
"""SPÓŁDZIELNIA PRACY USŁUG KOMINIARSKICH W WARSZAWIE""",0000188086,5250006093,00082362900000,SOLEC+54+WARSZAWA,,00-382,WARSZAWA,SPÓŁDZIELNIA,14.01.2004,52.23665255,21.02941148995535
SPÓŁDZIELNIA MIESZKANIOWA PRACOWNIKÓW PRYWATNYCH I WOLNYCH ZAWODÓW,0000187327,5261675886,00049031700000,FILTROWA+63+WARSZAWA,,02-056,WARSZAWA,SPÓŁDZIELNIA,14.01.2004,52.2188595,20.9964905
"SPÓŁDZIELNIA MIESZKANIOWA ""WPB""",0000187199,5261055103,01034929000000,MIELCZARSKIEGO+7+WARSZAWA,,02-798,WARSZAWA,SPÓŁDZIELNIA,10.01.2004,52.1301356,21.059959532989964
"SPÓŁDZIELNIA BUDOWLANO - MIESZKANIOWA ""NAŁĘCZOWSKA""",0000187194,5251000106,00091388700000,CIECHOCIŃSKA+15+WARSZAWA,,02-924,WARSZAWA,SPÓŁDZIELNIA,10.01.2004,52.1776154,21.06651662390641
SPÓŁDZIELNIA BUDOWLANO-MIESZKANIOWA PRACOWNIKÓW OŚWIATOWYCH,0000186168,5251000460,00048989200000,AKADEMICKA+3+WARSZAWA,108,02-038,WARSZAWA,SPÓŁDZIELNIA,07.01.2004,52.21836545,20.985652195468255
"SPÓŁDZIELNIA PRACY RĘKODZIEŁA ARTYSTYCZNEGO ""MODA I STYL"" W LIKWIDACJI",0000185745,5250001575,00039940400000,+BRACKA+22+WARSZAWA,,00-028,WARSZAWA,SPÓŁDZIELNIA,06.01.2004,52.2319744,21.0164981
"SPÓŁDZIELNIA DOMÓW JEDNORODZINNYCH ""PACHNĄCA""",0000185236,9512096605,01563188400000,PACHNĄCA+95+WARSZAWA,16,02-790,WARSZAWA,SPÓŁDZIELNIA,31.12.2003,52.1460493,21.06453241025563
"SPÓŁDZIELNIA MIESZKANIOWA ""SKARPA MARYMONCKA""",0000179615,1181713246,01563053100000,ZABŁOCIŃSKA+10+WARSZAWA,,01-697,WARSZAWA,SPÓŁDZIELNIA,17.12.2003,52.2784905,20.9615971
"SPÓŁDZIELNIA INWALIDÓW ""MAZOWIANKA"" W LIKWIDACJI",0000180961,5250002089,00045583500000,+CHEŁMŻYŃSKA+148+WARSZAWA,,04-464,WARSZAWA,SPÓŁDZIELNIA,12.12.2003,52.2572801,21.127539828945423
"SPÓŁDZIELNIA BUDOWLANO-MIESZKANIOWA ""OPERATOR""",0000180765,5361895185,01184470300000,ALEJA+DZIECI+POLSKICH+71A/1+WARSZAWA,,04-730,WARSZAWA,SPÓŁDZIELNIA,05.12.2003,52.2105018,21.205160839026256
"LOKATORSKA SPÓŁDZIELNIA MIESZKANIOWA ""HELENÓW""",0000181683,5252199015,01719526900000,HAFCIARSKA+80/86+WARSZAWA,,04-725,WARSZAWA,SPÓŁDZIELNIA,03.12.2003,52.2168656,21.1905453
"SPÓŁDZIELNIA BUDOWLANO-MIESZKANIOWA ""GRENADIERÓW""",0000179583,1132165187,01606974600000,+STANÓW+ZJEDNOCZONYCH+40+WARSZAWA,,04-036,WARSZAWA,SPÓŁDZIELNIA,25.11.2003,52.2362709,21.0802226
"SPÓŁDZIELNIA MIESZKANIOWA ""ORZEŁ""",0000180383,5221052854,01036281800000,WOJCIECHOWSKIEGO+34+WARSZAWA,,02-495,WARSZAWA,SPÓŁDZIELNIA,20.11.2003,52.197156050000004,20.87191127656053
"SPÓŁDZIELNIA MIESZKANIOWA ""LEXDUR""",0000179466,5250012030,00136013700000,E.+ORZESZKOWEJ+8+WARSZAWA,14,02-374,WARSZAWA,SPÓŁDZIELNIA,17.11.2003,n,n
"SPÓŁDZIELNIA MIESZKANIOWA ""MOTOROWA 1""",0000178993,1132452917,01560009100000,MOTOROWA+1+WARSZAWA,,04-035,WARSZAWA,SPÓŁDZIELNIA,15.11.2003,52.2332208,21.082743473870988
"SPÓŁDZIELNIA BUDOWLANO-MIESZKANIOWA ""OPTYK""",0000178632,1131308331,00049049300000,GROCHOWSKA+54+WARSZAWA,,04-282,WARSZAWA,SPÓŁDZIELNIA,05.11.2003,52.2399903,21.1152356
"SPÓŁDZIELNIA BUDOWLANO-MIESZKANIOWA ""BLOK IBM""",0000177510,5250012656,00049105000000,PASTEURA+4/6+WARSZAWA,,02-093,WARSZAWA,SPÓŁDZIELNIA,27.10.2003,52.2150666,20.98182476073731
"SPÓŁDZIELNIA MIESZKANIOWA ""POTOCKA""",0000175978,5252280007,01558961000000,POTOCKA+37+WARSZAWA,3,01-631,WARSZAWA,SPÓŁDZIELNIA,23.10.2003,52.272852400000005,20.977277948018347
SPÓŁDZIELNIA BUDOWLANO MIESZKANIOWA URZĘDNIKÓW POCZTY TELEGRAFU I TELEFONU,0000177021,5251939935,00049022800000,DOBRA+8/10+WARSZAWA,,00-388,WARSZAWA,SPÓŁDZIELNIA,21.10.2003,52.2368413,21.0304995
"SPÓŁDZIELNIA MIESZKANIOWA ""PURA""",0000176382,5210414319,01054330700000,RACŁAWICKA+10+WARSZAWA,,02-601,WARSZAWA,SPÓŁDZIELNIA,15.10.2003,52.1996783,21.0207386
SPÓŁDZIELNIA MIESZKANIOWA MARYMONT POTOK,0000176147,5252279642,01558180900000,MICKIEWICZA+64+WARSZAWA,89,01-650,WARSZAWA,SPÓŁDZIELNIA,15.10.2003,52.276539299999996,20.981624645633
"SPÓŁDZIELNIA MIESZKANIOWA ""POZNAŃSKA 23""",0000175162,5262736041,01559126800000,POZNAŃSKA+23+WARSZAWA,36,00-685,WARSZAWA,SPÓŁDZIELNIA,10.10.2003,52.2265082,21.0108828
SPÓŁDZIELNIA MIESZKANIOWA PRZEDSIĘBIORSTWA BUDOWNICTWA MIEJSKIEGO WARSZAWA-POŁUDNIE,0000175747,5261647051,01039845000000,EKOLOGICZNA+15+WARSZAWA,67,02-798,WARSZAWA,SPÓŁDZIELNIA,09.10.2003,52.1295102,21.057907179245284
"SPÓŁDZIELNIA MIESZKANIOWA ""TYLŻYCKA POTOK""",0000175205,5252280059,01558051400000,TYLŻYCKA+11+WARSZAWA,112,01-656,WARSZAWA,SPÓŁDZIELNIA,07.10.2003,52.2794433,20.982231015909637
SPÓŁDZIELNIA MIESZKANIOWA POTOK DOLNY,0000174195,5252279671,01557778800000,POTOCKA+4+WARSZAWA,,01-652,WARSZAWA,SPÓŁDZIELNIA,03.10.2003,52.2788696,20.9843351
"SPÓŁDZIELNIA MIESZKANIOWA ""POTOK GÓRNY""",0000173963,5252279576,01557726800000,MICKIEWICZA+74+WARSZAWA,97,01-650,WARSZAWA,SPÓŁDZIELNIA,02.10.2003,52.27902205,20.98065852241211
"SPÓŁDZIELNIA MIESZKANIOWA ""POTOCKA 60""",0000174194,5252277850,01557769900000,POTOCKA+60+WARSZAWA,A,01-652,WARSZAWA,SPÓŁDZIELNIA,29.09.2003,52.2730423,20.976506552796053
"SPÓŁDZIELNIA BUDOWLANO-MIESZKANIOWA ""ZACISZE DOMOWE""",0000172890,1131466113,00049046400000,GRAJEWSKA+2+WARSZAWA,,03-766,WARSZAWA,SPÓŁDZIELNIA,26.09.2003,52.25991035,21.061066869303314
"SPÓŁDZIELNIA BUDOWLANO - MIESZKANIOWA ""YUWEX""",0000173843,1130363701,01201684200000,KOWELSKA+10+WARSZAWA,,03-432,WARSZAWA,SPÓŁDZIELNIA,22.09.2003,52.262586799999994,21.040392291724448
"SPÓŁDZIELNIA BUDOWLANO MIESZKANIOWA ""WYDZIELONA""",0000173049,5251000796,01207415300000,+ZBIGNIEWA+ROMASZEWSKIEGO+11A+WARSZAWA,,01-874,WARSZAWA,SPÓŁDZIELNIA,22.09.2003,52.272440700000004,20.954826169441528
"SPÓŁDZIELNIA MIESZKANIOWA ""ŻERAŃ""",0000172884,5241882240,01248535300000,KOWALCZYKA+3+WARSZAWA,,03-193,WARSZAWA,SPÓŁDZIELNIA,22.09.2003,52.305053,20.9890314
"SPÓŁDZIELNIA MIESZKANIOWA ""JASNODWORSKA""",0000172558,5250012337,00128508000000,JASNODWORSKA+5+WARSZAWA,,01-745,WARSZAWA,SPÓŁDZIELNIA,10.09.2003,52.26146,20.9587850546379
"SPÓŁDZIELNIA BUDOWLANO - MIESZKANIOWA ""WSPÓLNA OSTOJA""",0000171797,5251000164,00049032300000,FILTROWA+67+WARSZAWA,29,02-055,WARSZAWA,SPÓŁDZIELNIA,02.09.2003,52.2188745,20.992390194863674
"SPÓŁDZIELNIA MIESZKANIOWA ""ADER""",0000170979,1181370817,01296091400000,MARII+DĄBROWSKIEJ+15+WARSZAWA,,01-903,WARSZAWA,SPÓŁDZIELNIA,22.08.2003,52.2734791,20.9309438
"SPÓŁDZIELNIA MIESZKANIOWA PIASKI ""D""",0000169630,1181694508,01553732300000,ZGRUPOWANIA+ŻMIJA+7+WARSZAWA,,01-875,WARSZAWA,SPÓŁDZIELNIA,07.08.2003,52.2690483,20.9390525
SPÓŁDZIELNIA MIESZKANIOWA PIASKI C,0000169592,1181693489,01553045600000,REYMONTA+12+WARSZAWA,,01-842,WARSZAWA,SPÓŁDZIELNIA,06.08.2003,52.2746952,20.9381829
"FARMACEUTYCZNO-CHEMICZNA SPÓŁDZIELNIA PRACY ""GALENUS""",0000169521,5250001405,00098406000000,HUTNICZA+8+WARSZAWA,,03-791,WARSZAWA,SPÓŁDZIELNIA,05.08.2003,52.2653595,21.06981617482647
SPÓŁDZIELNIA BUDOWLANO-MIESZKANIOWA PRACOWNIKÓW POCZTOWYCH W WARSZAWIE,0000168017,5272024804,00049059900000,HRUBIESZOWSKA+7+WARSZAWA,4,01-209,WARSZAWA,SPÓŁDZIELNIA,17.07.2003,52.22989785,20.979280817434585
"SPÓŁDZIELNIA MIESZKANIOWA ""WSPÓŁPRACA""",0000162820,5250009973,00108346500000,SREBRNA+3+WARSZAWA,,00-810,WARSZAWA,SPÓŁDZIELNIA,16.07.2003,52.2273232,20.9904003
"SPÓŁDZIELNIA BUDOWLANO MIESZKANIOWA ""CHEŁMSKA""",0000165653,5212941299,00622601800000,WĘGRZYNA+2+WARSZAWA,,00-769,WARSZAWA,SPÓŁDZIELNIA,27.06.2003,52.1982322,21.0420682
"SPÓŁDZIELNIA BUDOWLANO-MIESZKANIOWA ""INŻYNIERÓW KOMUNIKACJI""",0000161994,5250010999,00048987000000,A.+PŁUGA+1/3+WARSZAWA,,02-047,WARSZAWA,SPÓŁDZIELNIA,26.06.2003,n,n
"SPÓŁDZIELNIA MIESZKANIOWA ""TELEKIEGO 12""",0000165306,9512080478,01550681900000,PALA+TELEKIEGO+12+WARSZAWA,,02-797,WARSZAWA,SPÓŁDZIELNIA,24.06.2003,52.1343125,21.0559755
"SPÓŁDZIELNIA BUDOWLANO-MIESZKANIOWA ""SPÓLNOTA""",0000165604,5252111078,00049018000000,CZARNIECKIEGO+6+WARSZAWA,,01-511,WARSZAWA,SPÓŁDZIELNIA,23.06.2003,52.2513923,21.2388619987362
"SPÓŁDZIELNIA BUDOWLANO - MIESZKANIOWA ""NOWE ZJEDNOCZENIE""",0000163711,5251007019,00049023400000,DOBRA+22/24+WARSZAWA,,00-388,WARSZAWA,SPÓŁDZIELNIA,18.06.2003,52.2382389,21.0285935
"SPÓŁDZIELNIA MIESZKANIOWA ""SYRENA"" W WARSZAWIE",0000162967,5250012550,00049081400000,MIODOWA+12+WARSZAWA,44,00-251,WARSZAWA,SPÓŁDZIELNIA,30.05.2003,52.2472252,21.0100202
"SPÓŁDZIELNIA BUDOWLANO-MIESZKANIOWA ""WOLSKA ŻELAZNA BRAMA""",0000159859,5250006667,00622527200000,KROCHMALNA+32+WARSZAWA,,00-864,WARSZAWA,SPÓŁDZIELNIA,27.05.2003,52.2370267,20.9927503
"SPÓŁDZIELNIA MIESZKANIOWA ""DOMINO""",0000162550,5251001063,01117128500000,ALTERNATYWY+4+WARSZAWA,,02-775,WARSZAWA,SPÓŁDZIELNIA,26.05.2003,52.149549,21.056044
"SPÓŁDZIELNIA MIESZKANIOWA ""PLATYNOWA 8""",0000158554,5250006816,01201766900000,PLATYNOWA+8+WARSZAWA,,00-808,WARSZAWA,SPÓŁDZIELNIA,13.05.2003,52.2265383,20.9893822
"SPÓŁDZIELNIA MIESZKANIOWA ""KABATY""",0000160434,5250010031,00123356800000,PACHNĄCA+83+WARSZAWA,41,02-790,WARSZAWA,SPÓŁDZIELNIA,05.05.2003,52.1459421,21.063801102474848
"LEKARSKA SPÓŁDZIELNIA MIESZKANIOWA ""KONSYLIUM""",0000159883,9512021783,00140827500000,WĄWOZOWA+21+WARSZAWA,,02-796,WARSZAWA,SPÓŁDZIELNIA,24.04.2003,52.1305361,21.063095502929183
"SPÓŁDZIELNA MIESZKANIOWA ""KOPERNIKA 6""",0000158329,5252264304,01546801300000,KOPERNIKA+6+WARSZAWA,,00-367,WARSZAWA,SPÓŁDZIELNIA,17.04.2003,52.2343909,21.021319
"SPÓŁDZIELNIA MIESZKANIOWA ""ALEJE UJAZDOWSKIE""",0000158188,5262695075,01546501000000,ALEJE+UJAZDOWSKIE+8+WARSZAWA,,00-478,WARSZAWA,SPÓŁDZIELNIA,15.04.2003,52.2251329,21.0241339
"SPÓŁDZIELNIA MIESZKANIOWA ""FINANSOWIEC""",0000157204,5250011148,00088293900000,ZEGADŁOWICZA+1+WARSZAWA,39 A,01-214,WARSZAWA,SPÓŁDZIELNIA,10.04.2003,52.22782655,20.971713686603437
"NAUCZYCIELSKA SPÓŁDZIELNIA MIESZKANIOWA ""PRZY WIEJSKIEJ""",0000157590,5262695336,01546519600000,WIEJSKA+20+WARSZAWA,83,00-490,WARSZAWA,SPÓŁDZIELNIA,09.04.2003,52.2273046,21.0246852
"SPÓŁDZIELNIA BUDOWNICTWA MIESZKANIOWEGO ""PSTRYK""",0000158200,5250009890,00132322500000,MŁYNARSKA+35+WARSZAWA,,01-175,WARSZAWA,SPÓŁDZIELNIA,08.04.2003,52.2400183,20.970626
"SPÓŁDZIELNIA MIESZKANIOWA ""WILCZA 44""",0000157587,5262695425,01546522700000,WILCZA+44+WARSZAWA,,00-679,WARSZAWA,SPÓŁDZIELNIA,08.04.2003,52.2244245,21.0129892
"SPÓŁDZIELNIA BUDOWLANO-MIESZKANIOWA ""ZACHÓD""",0000153934,5250006785,00691364100000,CHMIELNA+116/118+WARSZAWA,,00-801,WARSZAWA,SPÓŁDZIELNIA,28.03.2003,52.228671500000004,20.996579673868062
"SPÓŁDZIELNIA BUDOWLANO-MIESZKANIOWA ""POWIŚLE""",0000148044,5250006880,00623281700000,ALEJA+3+MAJA+12+WARSZAWA,,00-391,WARSZAWA,SPÓŁDZIELNIA,28.03.2003,52.2346746,21.03202228126393
"SPÓŁDZIELNIA BUDOWLANO-MIESZKANIOWA ""TRZYNASTKA-BIS""",0000155293,9511707828,00621114600000,POLNEJ+RÓŻY+9+WARSZAWA,,02-798,WARSZAWA,SPÓŁDZIELNIA,14.03.2003,52.129213750000005,21.06254162687584
"WŁASNOŚCIOWA SPÓŁDZIELNIA MIESZKANIOWA ""SEMAFOR""",0000154131,5250011852,00049025700000,EMILII+PLATER+27+WARSZAWA,65,00-688,WARSZAWA,SPÓŁDZIELNIA,11.03.2003,52.2255444,21.0066965
"SPÓŁDZIELNIA MIESZKANIOWA ""WŁASNE MIESZKANIE""",0000154550,5250007000,00049121600000,RASZYŃSKA+58+WARSZAWA,,02-033,WARSZAWA,SPÓŁDZIELNIA,07.03.2003,52.217013449999996,20.987815268415314
"SPÓŁDZIELNIA BUDOWLANO-MIESZKANIOWA KOLPORTERÓW PRASY ""RUCH""",0000154472,5261883047,00049051800000,GRÓJECKA+26+WARSZAWA,,02-301,WARSZAWA,SPÓŁDZIELNIA,07.03.2003,52.221481,20.9852596
"SPÓŁDZIELNIA MIESZKANIOWA ""PLAC TEATRALNY""",0000152088,5250006414,00623339500000,SOLIDARNOŚCI+71+WARSZAWA,,00-090,WARSZAWA,SPÓŁDZIELNIA,27.02.2003,52.245565150000004,21.00684065066859
WARSZAWSKA SPÓŁDZIELNIA BUDOWLANO-MIESZKANIOWA PRACOWNIKÓW UMYSŁOWYCH,0000151848,5250012395,00048990000000,+NIEPODLEGŁOŚCI+159+WARSZAWA,74,02-555,WARSZAWA,SPÓŁDZIELNIA,27.02.2003,52.2062346,21.0083551
"SPÓŁDZIELNIA MIESZKANIOWA ""MODZELEWSKIEGO""",0000150153,5212764621,01151813900000,MODZELEWSKIEGO+54A+WARSZAWA,,02-679,WARSZAWA,SPÓŁDZIELNIA,24.02.2003,52.180841799999996,21.015717798837105
NADWIŚLAŃSKA SPÓŁDZIELNIA MIESZKANIOWA,0000149486,5250010634,00672031000000,+PABLA+PICASSA+1+WARSZAWA,,03-126,WARSZAWA,SPÓŁDZIELNIA,20.02.2003,52.3117393,20.956892965983606
"SPÓŁDZIELNIA BUDOWLANO - MIESZKANIOWA ""BARSKA 5""",0000151841,5261667361,01202326200000,BARSKA+5+WARSZAWA,,02-315,WARSZAWA,SPÓŁDZIELNIA,17.02.2003,52.21853035,20.981384110708753
"SPÓŁDZIELNIA BUDOWLANO-MIESZKANIOWA ""BANDERA""",0000150261,5251000543,00049045800000,GLOGERA+4+WARSZAWA,,02-051,WARSZAWA,SPÓŁDZIELNIA,13.02.2003,52.2166551,20.98331323865854
"WYTWÓRNIA APARATURY MEDYCZNEJ ""WAMED"" SPECJALISTYCZNA SPÓŁDZIELNIA PRACY",0000150736,5250001463,00040119900000,ODROWĄŻA+9+WARSZAWA,,03-310,WARSZAWA,SPÓŁDZIELNIA,11.02.2003,52.275397749999996,21.029541004270044
"SPÓŁDZIELNIA BUDOWLANO-MIESZKANIOWA ""PRACOWNIKÓW ŁĄCZNOŚCI""",0000150178,5251000537,00049151200000,T.+HOŁÓWKI+3+WARSZAWA,20,00-749,WARSZAWA,SPÓŁDZIELNIA,05.02.2003,n,n
"SPÓŁDZIELNIA MIESZKANIOWA ""MSZCZONOWSKA""",0000149618,5250012194,01211642000000,JANA+OLBRACHTA+64+WARSZAWA,,01-111,WARSZAWA,SPÓŁDZIELNIA,05.02.2003,52.234386400000005,20.9336633240376
"SPÓŁDZIELNIA BUDOWLANO MIESZKANIOWA ""TOK""",0000149677,1180781731,01227153400000,PARANDOWSKIEGO+17+WARSZAWA,,01-699,WARSZAWA,SPÓŁDZIELNIA,30.01.2003,52.28185435,20.96477871831594
"SPÓŁDZIELNIA BUDOWLANO-MIESZKANIOWA ""POD KOPCEM""",0000142762,5250012024,01251795200000,ZWIERZYNIECKA+8B+WARSZAWA,,00-719,WARSZAWA,SPÓŁDZIELNIA,30.01.2003,52.2077284,21.0519227
"SPÓŁDZIELNIA BUDOWLANO-MIESZKANIOWA ""ŻOLIBORZ""",0000142891,5250012521,00049109600000,PLAC+INWALIDÓW+10+WARSZAWA,,01-552,WARSZAWA,SPÓŁDZIELNIA,29.01.2003,52.2651008,20.9904915
"SPÓŁDZIELNIA MIESZKANIOWA ""WOLICKA""",0000148702,5250012722,01252372800000,CZERNIAKOWSKA+28+B+WARSZAWA,,00-714,WARSZAWA,SPÓŁDZIELNIA,24.01.2003,52.2022132,21.0522294
"SPÓŁDZIELNIA BUDOWLANO-MIESZKANIOWA ""KWITNĄCA""",0000148675,1181341052,01019979000000,KWITNĄCA+6+WARSZAWA,34,01-926,WARSZAWA,SPÓŁDZIELNIA,24.01.2003,52.274257750000004,20.917719739551067
"SPÓŁDZIELNIA BUDOWY DOMÓW JEDNORODZINNYCH ""PATIO""",0000147432,5250012691,01045195300000,ZAPŁOCIE+42+E+WARSZAWA,,02-970,WARSZAWA,SPÓŁDZIELNIA,17.01.2003,52.1289115,21.092522550992783
"SPÓŁDZIELNIA BUDOWLANO-MIESZKANIOWA ""LWOWSKA 2-A""",0000142843,5262218240,00049071900000,LWOWSKA+2+A+WARSZAWA,,00-658,WARSZAWA,SPÓŁDZIELNIA,15.01.2003,52.2204903,21.0123941
"HANDLOWO-USŁUGOWA SPÓŁDZIELNIA ""SAMOPOMOC""",0000146199,5250005018,00038475600000,MARYNARSKA+14+WARSZAWA,,02-674,WARSZAWA,SPÓŁDZIELNIA,08.01.2003,52.18112045,20.99107739048205
"SPÓŁDZIELNIA BUDOWLANO-MIESZKANIOWA ""SOL""",0000145834,5250011125,00134867900000,MIELCZARSKIEGO+1+WARSZAWA,,02-798,WARSZAWA,SPÓŁDZIELNIA,08.01.2003,52.1285712,21.06005
"SPÓŁDZIELNIA MIESZKANIOWA ""ROZŁOGI""",0000144869,5250012917,01209455200000,LAZUROWA+14+WARSZAWA,,01-315,WARSZAWA,SPÓŁDZIELNIA,06.01.2003,52.2257341,20.898758085024614
"SPÓŁDZIELNIA MIESZKANIOWA DZIENNIKARZY ""FOKSAL""",0000144446,5250006383,00107252700000,ORZYCKA+8+WARSZAWA,96A,02-695,WARSZAWA,SPÓŁDZIELNIA,30.12.2002,52.17269735,21.00666435550816
"SPÓŁDZIELNIA MIESZKANIOWA ""SIÓDEMKA""",0000143767,5250013006,01291289000000,+MYSIKRÓLIKA+18+WARSZAWA,,02-809,WARSZAWA,SPÓŁDZIELNIA,19.12.2002,52.14755065,21.018988527936777
"SPÓŁDZIELNIA BUDOWLANO-MIESZKANIOWA ""OSIEDLE SKARBOWCÓW""",0000142034,5251000359,00049129700000,SIERPECKA+6+WARSZAWA,,01-593,WARSZAWA,SPÓŁDZIELNIA,18.12.2002,52.2698538,20.9787227
"SPÓŁDZIELNIA BUDOWLANO - MIESZKANIOWA ""KOLONIA IM. STASZICA""",0000142687,5261739480,00049029200000,FILTROWA+30+WARSZAWA,,02-032,WARSZAWA,SPÓŁDZIELNIA,17.12.2002,52.219003099999995,21.00210113657063
"WARSZAWSKA SPÓŁDZIELNIA MIESZKANIOWA ""GROCHÓW"" W WARSZAWIE",0000143268,1132165520,01607206200000,KOBIELSKA+1+WARSZAWA,,04-359,WARSZAWA,SPÓŁDZIELNIA,16.12.2002,52.24666535,21.090832223317467
"SPÓŁDZIELNIA MIESZKANIOWA ""MIGDAŁOWA II""",0000142067,9512062078,01529519100000,MIGDAŁOWA+10+WARSZAWA,007,02-796,WARSZAWA,SPÓŁDZIELNIA,04.12.2002,52.144571150000004,21.055846434295322
"SPÓŁDZIELNIA ""HALE BANACHA""",0000136650,5250004869,00200431500000,GRÓJECKA+95+WARSZAWA,,02-101,WARSZAWA,SPÓŁDZIELNIA,03.12.2002,52.20939055,20.976165019801197
"HODOWLANO-ROLNICZA SPÓŁDZIELNIA ""DAWIDY"" W DAWIDACH",0000141520,5250003775,00048091600000,+DAWIDY,,02-800,DAWIDY,SPÓŁDZIELNIA,29.11.2002,54.1347385,19.6874498
"SPÓŁDZIELNIA MIESZKANIOWA ""SŁUŻEWIEC""",0000141257,5211057726,01141571200000,BEŁDAN+2+WARSZAWA,,02-695,WARSZAWA,SPÓŁDZIELNIA,28.11.2002,52.1716205,21.01066707494165
"SPÓŁDZIELNIA BUDOWNICTWA MIESZKANIOWEGO ""NATOLIN""",0000141038,5250006644,00089073200000,LANCIEGO+19+WARSZAWA,140,02-792,WARSZAWA,SPÓŁDZIELNIA,28.11.2002,52.1462988,21.0555852
"ZAKŁADY ELEKTROMECHANICZNE ""ELEKTRA"" SPÓŁDZIELNIA INWALIDÓW",0000140960,5250002103,00045584100000,PRZASNYSKA+6+A+WARSZAWA,,01-756,WARSZAWA,SPÓŁDZIELNIA,28.11.2002,52.26011785,20.9696224814376
"SPÓŁDZIELNIA BUDOWLANO-MIESZKANIOWA ""EC SIEKIERKI""",0000140985,5250011355,00131328000000,MELOMANÓW+8+WARSZAWA,,00-712,WARSZAWA,SPÓŁDZIELNIA,27.11.2002,52.20687205,21.053431813877324
"SPÓŁDZIELNIA PRACY ""URANIA""",0000139716,5250001894,00218719000000,BONIFRATERSKA+14+WARSZAWA,,00-213,WARSZAWA,SPÓŁDZIELNIA,21.11.2002,52.2535809,21.0003974
I ŻOLIBORSKA SPÓŁDZIELNIA MIESZKANIOWA,0000138601,5251000402,01211962500000,KOCHANOWSKIEGO+33A+WARSZAWA,55,01-864,WARSZAWA,SPÓŁDZIELNIA,12.11.2002,52.2679196,20.943521333954408
SPÓŁDZIELNIA  NPN,0000137323,5250002161,00039929000000,+EUGENIUSZA+ROMERA+10+WARSZAWA,LOK.B5,02-784,WARSZAWA,SPÓŁDZIELNIA,06.11.2002,52.1561661,21.0209526
"NAUCZYCIELSKA SPÓŁDZIELNIA BUDOWLANO-MIESZKANIOWA ""PRZEDWIOŚNIE""",0000137751,5250006897,00218311100000,OGÓLNA+1+WARSZAWA,,01-702,WARSZAWA,SPÓŁDZIELNIA,04.11.2002,52.27088215,20.962114933585347
UJAZDOWSKA SPÓŁDZIELNIA MIESZKANIOWO-BUDOWLANA,0000132608,5262213024,01305953000000,GÓRNOŚLĄSKA+16+WARSZAWA,,00-432,WARSZAWA,SPÓŁDZIELNIA,30.10.2002,52.2247689,21.0312244
SPÓŁDZIELNIA MIESZKANIOWA PROFESORÓW I DOCENTÓW POLITECHNIKI WARSZAWSKIEJ,0000136428,5261053067,00049035200000,+FILTROWA+71A+WARSZAWA,,02-055,WARSZAWA,SPÓŁDZIELNIA,23.10.2002,52.21894825,20.990410558444445
"MIĘDZYZAKŁADOWA SPÓŁDZIELNIA MIESZKANIOWA ""BUDOWLANI"" W WARSZAWIE",0000135181,5250006791,00109466400000,KORZONA+111+WARSZAWA,,03-571,WARSZAWA,SPÓŁDZIELNIA,16.10.2002,52.277032,21.0511958
"MIĘDZYZAKŁADOWA PRACOWNICZA SPÓŁDZIELNIA BUDOWLANO-MIESZKANIOWA ""SAM-81""",0000134688,5250006911,00092073000000,ORLA+6B+WARSZAWA,,00-143,WARSZAWA,SPÓŁDZIELNIA,14.10.2002,52.2427432,20.999119695068956
"PRACOWNICZA SPÓŁDZIELNIA MIESZKANIOWA ""SOBIESKI""",0000134238,5211111331,01076118000000,SOBIESKIEGO+104+WARSZAWA,,00-764,WARSZAWA,SPÓŁDZIELNIA,07.10.2002,52.1986903,21.03894249971297
PIERWSZA SPÓŁDZIELNIA BUDOWLANO-MIESZKANIOWA ORGANIZACJI INTELIGENCJI POLSKIEJ W WARSZAWIE,0000133293,5250006377,00049056000000,GRÓJECKA+45+WARSZAWA,17 A,02-031,WARSZAWA,SPÓŁDZIELNIA,02.10.2002,52.2163329,20.9816253
"SPÓŁDZIELNIA MIESZKANIOWA ""DWORKOWA""",0000132915,5210413389,01204097000000,DWORKOWA+2+WARSZAWA,,00-784,WARSZAWA,SPÓŁDZIELNIA,26.09.2002,52.205688949999995,21.024043045993132
"SPÓŁDZIELNIA MIESZKANIOWA ""UNION PLAZA""",0000132639,5262178138,00132695600000,BARSKA+28/30+WARSZAWA,,02-315,WARSZAWA,SPÓŁDZIELNIA,26.09.2002,52.219294899999994,20.977012389372753
"SPÓŁDZIELNIA MIESZKANIOWA ""POD JESIONEM""",0000128282,5251000307,00049157000000,WSPÓLNA+63+B+WARSZAWA,,00-686,WARSZAWA,SPÓŁDZIELNIA,26.09.2002,52.2261071,21.0090602
"SPÓŁDZIELNIA BUDOWLANO-MIESZKANIOWA ""TĘCZA""",0000132117,5251459566,00138121100000,1-GO+SIERPNIA+36+B+WARSZAWA,,02-134,WARSZAWA,SPÓŁDZIELNIA,23.09.2002,n,n
"SPÓŁDZIELNIA MIESZKANIOWA ""EPOKA""",0000131744,5250006408,00128261500000,LIMANOWSKIEGO+11+WARSZAWA,,02-943,WARSZAWA,SPÓŁDZIELNIA,23.09.2002,52.1905146,21.061038
"ZAKŁADY FARMACEUTYCZNE ""UNIA"" SPÓŁDZIELNIA PRACY",0000131447,5250001701,00040297400000,CHŁODNA+56/60+WARSZAWA,,00-872,WARSZAWA,SPÓŁDZIELNIA,18.09.2002,52.236133300000006,20.983280110687033
"MIĘDZYZAKŁADOWE SPÓŁDZIELCZE ZRZESZENIE BUDOWY DOMÓW MIESZKALNYCH ""OCHOTA""",0000131429,5250009967,00108626800000,OPACZEWSKA+43+WARSZAWA,,02-201,WARSZAWA,SPÓŁDZIELNIA,18.09.2002,52.2090879,20.9627473
II ŻOLIBORSKA SPÓŁDZIELNIA MIESZKANIOWA,0000131267,1180742470,01118513000000,+MASZEWSKA+20+WARSZAWA,U1,01-925,WARSZAWA,SPÓŁDZIELNIA,17.09.2002,52.275589,20.9141304
"SPÓŁDZIELNIA MIESZKANIOWA ""KAMIONEK""",0000129866,1131065466,00128824000000,STANISŁAWA+AUGUSTA+75+WARSZAWA,29,03-846,WARSZAWA,SPÓŁDZIELNIA,10.09.2002,52.2447674,21.064652501480616
SPÓŁDZIELNIA BUDOWLANO-MIESZKANIOWA PRACOWNIKÓW KULTURY,0000129411,5250007052,00049041200000,FRANCUSKA+47+WARSZAWA,,03-905,WARSZAWA,SPÓŁDZIELNIA,05.09.2002,52.2372102,21.0519862
"SPÓŁDZIELNIA BUDOWLANO-MIESZKANIOWA ""ŚRÓDMIEŚCIE""",0000125887,5251000827,00049142300000,TAMKA+31/33A+WARSZAWA,,00-355,WARSZAWA,SPÓŁDZIELNIA,04.09.2002,52.2369317,21.0246271
"""MPW MED. INSTRUMENTS"" SPÓŁDZIELNIA PRACY",0000128941,5250001753,00040102900000,BOREMLOWSKA+46+WARSZAWA,,04-347,WARSZAWA,SPÓŁDZIELNIA,30.08.2002,52.2493461,21.1004561
"SPÓŁDZIELNIA BUDOWLANO-MIESZKANIOWA ""TECHNIKA""",0000127982,5251000589,00098195000000,UROCZYSKO+4+A+WARSZAWA,,03-284,WARSZAWA,SPÓŁDZIELNIA,27.08.2002,52.2892639,21.0572224
"SPÓŁDZIELNIA MIESZKANIOWA ""ELSAM""",0000128119,5250011065,00088427500000,+BARTYCKA+24+WARSZAWA,,00-716,WARSZAWA,SPÓŁDZIELNIA,26.08.2002,52.212513099999995,21.062351097936563
MLECZARSKIE PRZEDSIĘBIORSTWO SPÓŁDZIELCZE,0000127841,5250004800,00623699100000,BIEŻUŃSKA+1+WARSZAWA,,03-578,WARSZAWA,SPÓŁDZIELNIA,24.08.2002,52.27203765,21.06599932212066
"SPÓŁDZIELNIA RZEMIEŚLNICZA ROBÓT BUDOWLANYCH I INSTALACYJNYCH ""CECHMISTRZ""",0000126916,5250003189,00044988100000,CIOŁKA+35+WARSZAWA,66,01-445,WARSZAWA,SPÓŁDZIELNIA,20.08.2002,52.2460788,20.9425784
"SPÓŁDZIELNIA BUDOWLANO - MIESZKANIOWA ""SZTUKA""",0000126396,5251570045,00098093200000,DZIKA+15+WARSZAWA,,00-172,WARSZAWA,SPÓŁDZIELNIA,20.08.2002,52.25303175,20.986034303359983
SPÓŁDZIELNIA BUDOWLANO-MIESZKANIOWA METRUM,0000126781,5250013012,00621238700000,WĄWOZOWA+29+WARSZAWA,,02-796,WARSZAWA,SPÓŁDZIELNIA,13.08.2002,52.1308933,21.059303770186638
"WARSZAWSKA SPÓŁDZIELNIA MIESZKANIOWA ""RAKOWIEC""",0000126601,5251000046,01070368500000,PRUSZKOWSKA+4+D+WARSZAWA,,02-118,WARSZAWA,SPÓŁDZIELNIA,13.08.2002,52.202047199999996,20.9812137906491
"SPÓŁDZIELNIA BUDOWLANO-MIESZKANIOWA ""MARS""",0000125709,9520003185,00132776600000,MAŁA+2+WARSZAWA,1,03-423,WARSZAWA,SPÓŁDZIELNIA,08.08.2002,52.2578697,21.03656848156146
"SPÓŁDZIELNIA BUDOWLANO-MIESZKANIOWA ""WSPÓLNY BLOK""",0000114376,5250006532,00049093200000,NIECAŁA+6+WARSZAWA,,00-098,WARSZAWA,SPÓŁDZIELNIA,24.07.2002,52.2427483,21.007979735863827
SPÓŁDZIELNIA MIESZKANIOWA WOLA,0000122732,5250006638,00081658100000,POWSTAŃCÓW+ŚLĄSKICH+104+WARSZAWA,227,01-466,WARSZAWA,SPÓŁDZIELNIA,11.07.2002,52.2544867,20.918276054369336
"SPÓŁDZIELNIA BUDOWLANO-MIESZKANIOWA ""WSPÓLNY DOM""",0000122259,5251000075,00049154100000,WILLOWA+8/10+WARSZAWA,40,00-790,WARSZAWA,SPÓŁDZIELNIA,10.07.2002,52.2074533,21.0237031
"SPÓŁDZIELNIA BUDOWLANO-MIESZKANIOWA ""MIASTO-OGRÓD-GAJ""",0000121880,5252261843,01524569000000,+ALEJE+JEROZOLIMSKIE+178+WARSZAWA,,02-486,WARSZAWA,SPÓŁDZIELNIA,08.07.2002,52.2029561,20.937397279142882
SPÓŁDZIELNIA BUDOWLANO-MIESZKANIOWA PRACOWNIKÓW KONSERWACJI ZABYTKÓW,0000097336,5251000282,00089075500000,CZERNIAKOWSKA+155+WARSZAWA,,00-453,WARSZAWA,SPÓŁDZIELNIA,03.07.2002,52.2148506,21.0454229
"SPÓŁDZIELNIA BUDOWLANO-MIESZKANIOWA ""SKARB""",0000115183,5250007081,00049066500000,KOZIETULSKIEGO+10+WARSZAWA,,01-571,WARSZAWA,SPÓŁDZIELNIA,27.06.2002,52.2653569,20.984544231677763
"ROLNICZA SPÓŁDZIELNIA PRODUKCYJNA ""WIOSNA"" W WARSZAWIE",0000116228,5870201305,00104211800000,+FRANCISZKA+KLIMCZAKA+1+WARSZAWA,,02-797,WARSZAWA,SPÓŁDZIELNIA,25.06.2002,52.1635112,21.0815994
"SPÓŁDZIELNIA BUDOWLANO-MIESZKANIOWA ""OGNISKO V""",0000114901,5251434773,00049077700000,MICKIEWICZA+4-16+WARSZAWA,,01-517,WARSZAWA,SPÓŁDZIELNIA,25.06.2002,52.2767885,20.9797809
"SPÓŁDZIELNIA MIESZKANIOWA ""RAZEM""",0000119513,1130396273,01059893000000,11+LISTOPADA+10+WARSZAWA,52,03-435,WARSZAWA,SPÓŁDZIELNIA,21.06.2002,52.2574555,21.034432377306146
SPÓŁDZIELNIA BUDOWLANO-MIESZKANIOWA DOMINIUM,0000117882,5211178631,01142134500000,NIEDŹWIEDZIA+8+D+WARSZAWA,,02-737,WARSZAWA,SPÓŁDZIELNIA,13.06.2002,52.17605035,21.03337375307229
"SPÓŁDZIELNIA MIESZKANIOWA ""WSPÓLNIK""",0000114194,5251000661,01201989800000,KORDECKIEGO+56/58+WARSZAWA,,04-355,WARSZAWA,SPÓŁDZIELNIA,28.05.2002,52.2448706,21.096377919176128
"SPÓŁDZIELNIA MIESZKANIOWA ""AR - MOCZYDŁO"" W WARSZAWIE",0000112158,5250011119,01014397300000,MIELCZARSKIEGO+8+WARSZAWA,,02-798,WARSZAWA,SPÓŁDZIELNIA,16.05.2002,52.12915905,21.061676406868727
"WARSZAWSKA SPÓŁDZIELNIA OGRODNICZA ""OCHOTA""",0000112102,5250005403,01206304300000,RYŻOWA+49+WARSZAWA,,02-495,WARSZAWA,SPÓŁDZIELNIA,13.05.2002,52.1854083,20.905232907695677
"SPÓŁDZIELNIA BUDOWLANO-MIESZKANIOWA ""FILTROWA""",0000096735,5250006437,00049036900000,FILTROWA+75+WARSZAWA,,02-032,WARSZAWA,SPÓŁDZIELNIA,30.04.2002,52.21870335,20.98892511964214
"SPÓŁDZIELNIA BUDOWLANO-MIESZKANIOWA ""MOKOTOWSKA""",0000082211,5250006549,00049088900000,MOKOTOWSKA+46+WARSZAWA,28,00-543,WARSZAWA,SPÓŁDZIELNIA,30.04.2002,52.2247614,21.0214512
"SPÓŁDZIELNIA MIESZKANIOWA ""NIEDŹWIADEK""",0000109342,5250012136,00049220400000,1+MAJA+5+WARSZAWA,1,02-495,WARSZAWA,SPÓŁDZIELNIA,25.04.2002,52.2457393,21.216527568397765
"MIĘDZYZAKŁADOWA SPÓŁDZIELNIA MIESZKANIOWA ""ENERGETYKA""",0000108125,5250007069,00048979700000,ZWIERZYNIECKA+8A+WARSZAWA,,00-719,WARSZAWA,SPÓŁDZIELNIA,22.04.2002,52.2076818,21.0512779
"SPÓŁDZIELNIA MIESZKANIOWA ""MOTYWACJA""",0000106794,9511868661,00136173400000,WĄWOZOWA+23+WARSZAWA,,02-796,WARSZAWA,SPÓŁDZIELNIA,16.04.2002,52.1309464,21.0620615
"SPÓŁDZIELNIA BUDOWLANO-MIESZKANIOWA ""STOIZB""",0000107113,5250012840,00049085000000,+MOKOTOWSKA+28+WARSZAWA,111,00-559,WARSZAWA,SPÓŁDZIELNIA,15.04.2002,52.2224117,21.0198872
"SPÓŁDZIELNIA MIESZKANIOWA WŁASNOŚCIOWA ""PRZESZŁOŚĆ""",0000106408,5211782404,00098536100000,WIŚNIOWA+15+WARSZAWA,,02-563,WARSZAWA,SPÓŁDZIELNIA,12.04.2002,52.20177425,21.018113705839085
"SPÓŁDZIELNIA BUDOWLANO - MIESZKANIOWA ""RUDA""",0000106260,5250011898,01212313000000,KLAUDYNY+18A+WARSZAWA,,01-684,WARSZAWA,SPÓŁDZIELNIA,10.04.2002,52.2813306,20.9767519
"SPÓŁDZIELNIA BUDOWLANO - MIESZKANIOWA ""ZREW""",0000104183,1180090429,00141289700000,"ZGRUPOWANIA+AK+""ŻMIJA""+2+WARSZAWA",,01-875,WARSZAWA,SPÓŁDZIELNIA,03.04.2002,52.269201100000004,20.940213375838788
SPÓŁDZIELNIA BUDOWLANO-MIESZKANIOWA INŻYNIERÓW BYŁEGO MINISTERSTWA KOLEI ŻELAZNYCH W W-WIE,0000102858,5250007112,00049075400000,MIANOWSKIEGO+15+WARSZAWA,30,02-044,WARSZAWA,SPÓŁDZIELNIA,02.04.2002,52.2166602,20.98594787107229
"SPÓŁDZIELNIA MIESZKANIOWA ""ANGORSKA""",0000100309,5250006839,00049050100000,ANGORSKA+5/9+WARSZAWA,,03-913,WARSZAWA,SPÓŁDZIELNIA,21.03.2002,52.238655,21.0592173
"SPÓŁDZIELNIA BUDOWLANO-MIESZKANIOWA ""SADYBA""",0000099973,5213051656,00049089500000,POWSIŃSKA+24+C+WARSZAWA,,02-903,WARSZAWA,SPÓŁDZIELNIA,18.03.2002,52.18460955,21.0674415
"SPÓŁDZIELNIA MIESZKANIOWA ""KOLONIA KASPRZAKA""",0000097338,5270007121,01053124400000,+MARCINA+KASPRZAKA+7+WARSZAWA,U16,01-211,WARSZAWA,SPÓŁDZIELNIA,06.03.2002,52.2287791,20.975496
"SPÓŁDZIELNIA BUDOWLANO MIESZKANIOWA ""OSIEDLE AUTORÓW""",0000096909,5212962999,00049040600000,FITELBERGA+18+WARSZAWA,,02-641,WARSZAWA,SPÓŁDZIELNIA,06.03.2002,52.1900743,20.99192765147248
"SPÓŁDZIELNIA MIESZKANIOWA ""DĘBINA""",0000096502,5261649541,01079049000000,+JANA+ROSOŁA+40+WARSZAWA,7,02-786,WARSZAWA,SPÓŁDZIELNIA,05.03.2002,52.141480099999995,21.067923291283712
"ROBOTNICZA SPÓŁDZIELNIA MIESZKANIOWA ""PRAGA""",0000093107,5250006466,00049178800000,BIAŁOSTOCKA+11+WARSZAWA,,03-748,WARSZAWA,SPÓŁDZIELNIA,22.02.2002,52.2580868,21.0480759
"SPÓŁDZIELNIA INWESTYCJI MIESZKANIOWYCH ""URSYNÓW""",0000092715,9511910707,01493557600000,W.B.+JASTRZĘBOWSKIEGO+22+WARSZAWA,,02-786,WARSZAWA,SPÓŁDZIELNIA,19.02.2002,n,n
SPÓŁDZIELNIA MIESZKANIOWA WŁASNOŚCIOWA PRZYMIERZE W LIKWIDACJI,0000092686,1132247206,01628572800000,GÓRCZEWSKA+156+WARSZAWA,,01-460,WARSZAWA,SPÓŁDZIELNIA,19.02.2002,52.24228185,20.920442756191676
"""SPOŁEM"" WARSZAWSKA SPÓŁDZIELNIA SPOŻYWCÓW WOLA",0000090235,5250005320,00088028300000,WOLSKA+84/86+WARSZAWA,,01-141,WARSZAWA,SPÓŁDZIELNIA,13.02.2002,52.2322512,20.9594022
"SPÓŁDZIELNIA MIESZKANIOWA ""WALICOWO""",0000091326,5250006696,00049147500000,WALICÓW+19+WARSZAWA,-,00-865,WARSZAWA,SPÓŁDZIELNIA,12.02.2002,52.2361923,20.9914079
"SPÓŁDZIELNIA MIESZKANIOWO-BUDOWLANA ""IMIELIN""",0000085177,5250011131,01056910000000,MALINOWSKIEGO+5+WARSZAWA,,02-776,WARSZAWA,SPÓŁDZIELNIA,07.02.2002,52.151256700000005,21.037547329016142
"SPÓŁDZIELNIA BUDOWLANO MIESZKANIOWA ""WARDOM""",0000087596,5250009909,00087993700000,KOCHANOWSKIEGO+49+WARSZAWA,,01-864,WARSZAWA,SPÓŁDZIELNIA,04.02.2002,52.27033255,20.937299945367133
"SPÓŁDZIELNIA MIESZKANIOWA ""RZEMIOSŁO""",0000087027,5251000224,00101496100000,BIAŁOSTOCKA+24+WARSZAWA,116,03-741,WARSZAWA,SPÓŁDZIELNIA,31.01.2002,52.2551726,21.0410122
"""SPOŁEM"" WARSZAWSKA SPÓŁDZIELNIA SPOŻYWCÓW ""ŻOLIBORZ""",0000086882,5250010539,00088029000000,SŁOWACKIEGO+16/18+WARSZAWA,,01-627,WARSZAWA,SPÓŁDZIELNIA,29.01.2002,52.270196,20.9824063
WARSZAWSKA SPÓŁDZIELNIA MIESZKANIOWA,0000074605,5250006495,00048981100000,+ELBLĄSKA+14+WARSZAWA,,01-737,WARSZAWA,SPÓŁDZIELNIA,29.01.2002,52.2661941,20.963265741103733
"SPÓŁDZIELNIA PRACY USŁUG PRALNICZYCH I PORZĄDKOWYCH ""PRACA KOBIET""",0000086502,5250005633,00087394600000,SASKA+47/49+WARSZAWA,,03-968,WARSZAWA,SPÓŁDZIELNIA,28.01.2002,52.227231700000004,21.063348544169592
PIERWSZA NAUCZYCIELSKA SPÓŁDZIELNIA BUDOWLANO-MIESZKANIOWA,0000079632,5250009944,00621253600000,CIESZKOWSKIEGO+1/3+WARSZAWA,,01-636,WARSZAWA,SPÓŁDZIELNIA,28.01.2002,52.270466,20.9800848
"SPÓŁDZIELNIA PRACY ""SKALA""",0000056888,5250001368,00042166400000,GIZÓW+6+WARSZAWA,,01-249,WARSZAWA,SPÓŁDZIELNIA,25.01.2002,52.2257165,20.9451892
"SPÓŁDZIELNIA BUDOWLANO-MIESZKANIOWA ""DOM PRZY UL. MOCHNACKIEGO 4"" W WARSZAWIE",0000083515,5261658149,00049083700000,MOCHNACKIEGO+4+WARSZAWA,93,02-042,WARSZAWA,SPÓŁDZIELNIA,23.01.2002,52.2178507,20.9863172
"SPÓŁDZIELNIA OGRODNICZA ""CHODAKOWSKA""",0000082576,5250005076,01205858500000,CHODAKOWSKA+53/57+WARSZAWA,,03-816,WARSZAWA,SPÓŁDZIELNIA,23.01.2002,52.2530958,21.064457065529737
WARSZAWSKI BANK SPÓŁDZIELCZY,0000082262,5250006176,00050964300000,FIELDORFA+5A+WARSZAWA,,03-984,WARSZAWA,SPÓŁDZIELNIA,23.01.2002,52.223456150000004,21.090817687386643
"SPÓŁDZIELNIA BUDOWLANO - MIESZKANIOWA ""POLITECHNIKA""",0000081435,5250011220,00087945200000,ETIUDY+REWOLUCYJNEJ+48+WARSZAWA,,02-643,WARSZAWA,SPÓŁDZIELNIA,16.01.2002,52.192972049999995,20.9912115895272
"SPÓŁDZIELNIA MIESZKANIOWA "" SŁUŻEW NAD DOLINKĄ""",0000079647,5250011102,01103621600000,+WOLFGANGA+AMADEUSZA+MOZARTA+1+WARSZAWA,,02-736,WARSZAWA,SPÓŁDZIELNIA,16.01.2002,52.1719656,21.032594489668682
"ROBOTNICZA SPÓŁDZIELNIA MIESZKANIOWA ""URSUS""",0000065997,5250006288,00049221000000,SOSNKOWSKIEGO+11+WARSZAWA,,02-495,WARSZAWA,SPÓŁDZIELNIA,14.01.2002,52.1900062,20.8887382
"""SPOŁEM"" WARSZAWSKA SPÓŁDZIELNIA SPOŻYWCÓW PRAGA - PÓŁNOC",0000080499,5250010597,00088026000000,ŁABISZYŃSKA+16+WARSZAWA,,03-385,WARSZAWA,SPÓŁDZIELNIA,11.01.2002,52.29586515,21.033522157145708
"SPÓŁDZIELNIA MIESZKANIOWO - BUDOWLANA ""JARY""",0000079817,5250011705,01103719600000,SUROWIECKIEGO+12+WARSZAWA,,02-785,WARSZAWA,SPÓŁDZIELNIA,11.01.2002,52.1581311,21.0207821
"SPÓŁDZIELNIA MIESZKANIOWA ""BRÓDNO""",0000078357,5250006704,00077934800000,KRASNOBRODZKA+11+WARSZAWA,,03-214,WARSZAWA,SPÓŁDZIELNIA,08.01.2002,52.2999999,21.0441282
"SPÓŁDZIELNIA BUDOWLANO-MIESZKANIOWA ""DEMBUD""",0000078123,5271045939,00138444500000,ŻELAZNA+41+WARSZAWA,9,00-836,WARSZAWA,SPÓŁDZIELNIA,08.01.2002,52.230286,20.9931211
"SPÓŁDZIELNIA MIESZKANIOWA ""MAŁE KABATY""",0000077941,5261878454,01242066100000,STRYJEŃSKICH+10+WARSZAWA,123 A,02-791,WARSZAWA,SPÓŁDZIELNIA,08.01.2002,52.1337601,21.055837132201084
"SPÓŁDZIELNIA BUDOWNICTWA MIESZKANIOWEGO ""POŁUDNIOWA""",0000076785,1131920931,01218319000000,WĄWOZOWA+20+WARSZAWA,,02-796,WARSZAWA,SPÓŁDZIELNIA,02.01.2002,52.13158635,21.063019117744815
"OGÓLNOKRAJOWA SPÓŁDZIELNIA TURYSTYCZNA ""GROMADA""",0000076030,5250007968,00033293700000,PLAC+POWSTAŃCÓW+WARSZAWY+2+WARSZAWA,,00-030,WARSZAWA,SPÓŁDZIELNIA,31.12.2001,52.234477,21.0149666
"SPÓŁDZIELNIA BUDOWLANO - MIESZKANIOWA ""KLUB DWUSTU""",0000075678,5250012142,00621536800000,EKOLOGICZNA+22+WARSZAWA,,02-798,WARSZAWA,SPÓŁDZIELNIA,20.12.2001,52.13069385,21.05729533693285
"SPÓŁDZIELNIA MIESZKANIOWA ""CENTRUM-WOLA""",0000074655,5250011496,01155283400000,SIEDMIOGRODZKA+11+WARSZAWA,,01-232,WARSZAWA,SPÓŁDZIELNIA,20.12.2001,52.230893800000004,20.967892594019595
"SPÓŁDZIELNIA MIESZKANIOWA ""WYŻYNY""",0000074918,9510024814,01047579300000,ST.+KAZURY+5+WARSZAWA,,02-795,WARSZAWA,SPÓŁDZIELNIA,19.12.2001,n,n
"SPÓŁDZIELNIA MIESZKANIOWA - WŁASNOŚCIOWA ""JEDNOŚĆ""",0000073542,9521125418,00136243200000,BISKUPIA+48+WARSZAWA,,04-216,WARSZAWA,SPÓŁDZIELNIA,19.12.2001,52.2413005,21.1218556
"SPÓŁDZIELNIA BUDOWLANO - MIESZKANIOWA ""OSIEDLE NA SKARPIE""",0000073485,5212405709,00049006200000,BELGIJSKA+3+WARSZAWA,,02-511,WARSZAWA,SPÓŁDZIELNIA,19.12.2001,52.202761249999995,21.026305274302253
"SPÓŁDZIELNIA MIESZKANIOWA ""SZWOLEŻERÓW""",0000073064,5250011869,01150384700000,DRAGONÓW+8+WARSZAWA,,00-467,WARSZAWA,SPÓŁDZIELNIA,19.12.2001,52.21826045,21.043090948500343
"SPÓŁDZIELNIA PRACY ""ARGO - FILM""",0000072720,5250001925,00042389300000,+RYŻOWA+33+A+WARSZAWA,10,02-495,WARSZAWA,SPÓŁDZIELNIA,15.12.2001,52.193413,20.909667796004065
"MAŁA SPÓŁDZIELNIA MIESZKANIOWA ""SAMI""",0000071899,9511871290,01060119200000,EKOLOGICZNA+4+WARSZAWA,,02-798,WARSZAWA,SPÓŁDZIELNIA,12.12.2001,52.1303412,21.0625819
"SPÓŁDZIELNIA MIESZKANIOWA ""JELONKI""",0000069548,5250009950,01104937700000,+POWSTAŃCÓW+ŚLĄSKICH+4A+WARSZAWA,,01-381,WARSZAWA,SPÓŁDZIELNIA,12.12.2001,52.223412100000004,20.9184815
"SPÓŁDZIELNIA BUDOWLANO-MIESZKANIOWA ""ATEŃSKA""",0000069923,1132165537,01607245800000,ARABSKA+9+WARSZAWA,,03-977,WARSZAWA,SPÓŁDZIELNIA,11.12.2001,52.2223466,21.070612174822003
"SPÓŁDZIELNIA MIESZKANIOWA ""WILANÓW""",0000069636,5211122978,00137121800000,DEMBEGO+14+WARSZAWA,,02-796,WARSZAWA,SPÓŁDZIELNIA,07.12.2001,52.1316286,21.07420179515558
"SPÓŁDZIELNIA PRACY ""ORION""",0000068478,5250010410,00042202000000,MANGALIA+4+WARSZAWA,,02-758,WARSZAWA,SPÓŁDZIELNIA,05.12.2001,52.1872607,21.0465796
"SPÓŁDZIELNIA BUDOWLANO MIESZKANIOWA ""PRZY ULICY DOBROWOJA""",0000065904,1131949403,00049024000000,DOBROWOJA+12+WARSZAWA,,04-003,WARSZAWA,SPÓŁDZIELNIA,04.12.2001,52.244934549999996,21.079508946218322
"SPÓŁDZIELNIA BUDOWLANO MIESZKANIOWA ""NASZA CHATA""",0000061423,5250006650,00089269400000,OSOWSKA+27+WARSZAWA,,04-302,WARSZAWA,SPÓŁDZIELNIA,04.12.2001,52.2440889,21.1072624292219
"""IKAR""SPÓŁDZIELNIA MIESZKANIOWA PRACOWNIKÓW SGGW W WARSZAWIE",0000066718,9511594347,01186455100000,PILECKIEGO+107+WARSZAWA,ADM,02-781,WARSZAWA,SPÓŁDZIELNIA,29.11.2001,52.142375349999995,21.037815834892008
SPÓŁDZIELNIA PRACY SPECJALISTÓW RENTGENOLOGÓW IM. PROF. WITOLDA ZAWADOWSKIEGO,0000065332,5250005768,00084094100000,WARYŃSKIEGO+9+WARSZAWA,,00-655,WARSZAWA,SPÓŁDZIELNIA,26.11.2001,52.220425,21.0150246
"SPÓŁDZIELNIA MIESZKANIOWA ""SZAŁAS""",0000062441,5221894760,00140328900000,CZERWONA+DROGA+5+WARSZAWA,3 A,02-496,WARSZAWA,SPÓŁDZIELNIA,23.11.2001,52.2008498,20.870931757748636
"PRACOWNICZA SPÓŁDZIELNIA MIESZKANIOWA ""IDEALNE MIESZKANIE""",0000063561,5250009921,00087868800000,POLNEJ+RÓŻY+6+WARSZAWA,,02-798,WARSZAWA,SPÓŁDZIELNIA,22.11.2001,52.1282666,21.0636723
SPÓŁDZIELNIA BUDOWLANO-MIESZKANIOWA PRACOWNIKÓW KOMUNIKACJI,0000059564,5250006621,00049146900000,UNIWERSYTECKA+1+WARSZAWA,,02-036,WARSZAWA,SPÓŁDZIELNIA,22.11.2001,52.2168302,20.9872096
"SPÓŁDZIELNIA MIESZKANIOWA ""BUDOWISKO""",0000063956,5220211150,00049064200000,KALISKA+17+WARSZAWA,,02-316,WARSZAWA,SPÓŁDZIELNIA,21.11.2001,52.2206907,20.9806832
"SPÓŁDZIELNIA BUDOWLANO-MIESZKANIOWA ""TARGOWA""",0000057287,5250010628,00623284600000,TARGOWA+26/30+WARSZAWA,,03-733,WARSZAWA,SPÓŁDZIELNIA,20.11.2001,52.2504179,21.04280717056178
"SPÓŁDZIELNIA MIESZKANIOWA "" ASTER - BUD""",0000051619,5251000193,01077573300000,GÓRCZEWSKA+208+WARSZAWA,,01-460,WARSZAWA,SPÓŁDZIELNIA,16.11.2001,52.239505449999996,20.910209626575565
"SPÓŁDZIELNIA BUDOWLANO-MIESZKANIOWA ""NOWY ŚWIAT""",0000060947,5250012604,00049095500000,NOWY+ŚWIAT+30+WARSZAWA,13,00-373,WARSZAWA,SPÓŁDZIELNIA,14.11.2001,52.2333217,21.0196454
"SPÓŁDZIELNIA BUDOWNICTWA MIESZKANIOWEGO ""PERSPEKTYWA"" W WARSZAWIE",0000060686,5261057711,00103786700000,OKRZEI+34+WARSZAWA,,03-710,WARSZAWA,SPÓŁDZIELNIA,14.11.2001,52.2517901,21.0369211
"SPÓŁDZIELNIA BUDOWLANO MIESZKANIOWA ""TWÓJ DOM""",0000061605,5251000767,01045574400000,OSOWSKA+27+WARSZAWA,,04-302,WARSZAWA,SPÓŁDZIELNIA,13.11.2001,52.2440889,21.1072624292219
"SPÓŁDZIELNIA BUDOWLANO-MIESZKANIOWA ""SKARPA""",0000061337,5250012685,01251617700000,SMOLNA+8+WARSZAWA,142,00-375,WARSZAWA,SPÓŁDZIELNIA,13.11.2001,52.23371830000001,21.025231033169362
"SPÓŁDZIELNIA MIESZKANIOWA ""OSIEDLE ARTYSTÓW PLASTYKÓW""",0000060624,5250011958,00049039800000,FILTROWA+83+WARSZAWA,,02-032,WARSZAWA,SPÓŁDZIELNIA,10.11.2001,52.2191524,20.9860508
"SPÓŁDZIELNIA MIESZKANIOWA ""WZGÓRZE""",0000057121,5272029115,00049162400000,ZŁOTA+77+WARSZAWA,,00-819,WARSZAWA,SPÓŁDZIELNIA,06.11.2001,52.22890055,20.995881338810122
"SPÓŁDZIELNIA MIESZKANIOWA ""OŚWIATA-OCHOTA""",0000058783,5251000804,00140829800000,K.BOHDANOWICZA+7+WARSZAWA,,02-127,WARSZAWA,SPÓŁDZIELNIA,05.11.2001,n,n
"SPÓŁDZIELNIA MIESZKANIOWA ""KOŁO""",0000056304,5250011013,01105851900000,+ERAZMA+CIOŁKA+17+WARSZAWA,,01-445,WARSZAWA,SPÓŁDZIELNIA,30.10.2001,52.243153750000005,20.944019956485608
"SPÓŁDZIELNIA MIESZKANIOWO - BUDOWLANA ""OSIEDLE KABATY""",0000056262,5251000112,01071210600000,BRONIKOWSKIEGO+9+WARSZAWA,,02-796,WARSZAWA,SPÓŁDZIELNIA,29.10.2001,52.1333364,21.0691747
"SPÓŁDZIELNIA BUDOWLANO - MIESZKANIOWA "" BASZTA""",0000056744,5261722901,01250340100000,GAWOTA+6+WARSZAWA,17,02-830,WARSZAWA,SPÓŁDZIELNIA,26.10.2001,52.138130000000004,21.013434466560508
"WŁASNOŚCIOWA SPÓŁDZIELNIA MIESZKANIOWA ""WSPÓLNY DACH""",0000055359,5250006472,00049042900000,FRANCUSKA+52+WARSZAWA,2,03-905,WARSZAWA,SPÓŁDZIELNIA,26.10.2001,52.237186449999996,21.052722692353242
"SPÓŁDZIELNIA MIESZKANIOWA ""STAWKI""",0000055749,5250011817,00623700000000,DZIKA+4+WARSZAWA,,00-194,WARSZAWA,SPÓŁDZIELNIA,22.10.2001,52.2528334,20.9877778
"PRACOWNICZA SPÓŁDZIELNIA BUDOWLANO-MIESZKANIOWA PAN ""AKADEMIA""",0000055027,5250010054,00096065100000,+JANA+SZYMCZAKA+3+WARSZAWA,,01-227,WARSZAWA,SPÓŁDZIELNIA,22.10.2001,52.228785849999994,20.961112540937233
"KRAJOWY ZWIĄZEK REWIZYJNY SPÓŁDZIELNI SPOŻYWCÓW ""SPOŁEM""",0000054061,5250007690,01210207900000,GRAŻYNY+13/15+WARSZAWA,,02-548,WARSZAWA,SPÓŁDZIELNIA,22.10.2001,52.2038215,21.0208395
SPÓŁDZIELNIA ŚWIT,0000053930,5250002132,00045565700000,TAŚMOWA+1+WARSZAWA,,02-677,WARSZAWA,SPÓŁDZIELNIA,18.10.2001,52.17791875,20.988585034206373
"SPÓŁDZIELNIA BUDOWLANO-MIESZKANIOWA ""MIŚ""",0000053555,5250006584,00205313000000,WARSZAWSKA+15+WARSZAWA,162,02-495,WARSZAWA,SPÓŁDZIELNIA,16.10.2001,52.19790365,20.87285403311039
SPÓŁDZIELNIA PIEKARSKO-CIASTKARSKA W WARSZAWIE,0000053005,5250001658,00106227900000,KRAKOWIAKÓW+103+WARSZAWA,,02-255,WARSZAWA,SPÓŁDZIELNIA,12.10.2001,52.190584099999995,20.93334174632058
"STOŁECZNA SPÓŁDZIELNIA MIESZKANIOWA PRACOWNIKÓW SŁUŻBY ZDROWIA ""ESKULAP""",0000047740,5250006302,00107090700000,SOKOŁOWSKA+24+/+26+WARSZAWA,,01 - 142,WARSZAWA,SPÓŁDZIELNIA,12.10.2001,52.23882595,20.959518463384814
"SPÓŁDZIELNIA SPOŻYWCÓW ""SUPERSAM""",0000050738,5250005142,01203458000000,+RACŁAWICKA+146+WARSZAWA,,02-117,WARSZAWA,SPÓŁDZIELNIA,10.10.2001,52.1987658,20.9787513
"SPÓŁDZIELNIA WYDAWNICZA ""CZYTELNIK""",0000051118,5250003982,00027567100000,WIEJSKA+12A+WARSZAWA,,00-490,WARSZAWA,SPÓŁDZIELNIA,09.10.2001,52.22644315,21.02567045540288
SPÓŁDZIELNIA BUDOWLANO-MIESZKANIOWA DOM,0000048636,5262142040,00049001000000,ANDRZEJOWSKA+6/8+WARSZAWA,,02-312,WARSZAWA,SPÓŁDZIELNIA,28.09.2001,52.2209141,20.9819564
"SPÓŁDZIELCZE STOWARZYSZENIE BUDOWY MIESZKAŃ ""ZGODA""",0000047439,5251001181,00049067100000,KRASIŃSKIEGO+21+WARSZAWA,,01-566,WARSZAWA,SPÓŁDZIELNIA,25.09.2001,52.2674648,20.982136714303707
NAUCZYCIELSKA SPÓŁDZIELNIA BUDOWLANO-MIESZKANIOWA,0000041859,5250006561,00049152900000,GWIAŹDZISTA+13+WARSZAWA,,01-651,WARSZAWA,SPÓŁDZIELNIA,20.09.2001,52.279818,20.984740193368438
"SPÓŁDZIELNIA MIESZKANIOWA ""BATORY-WSCHÓD""",0000037655,5210334891,01105476300000,STEFANA+BATOREGO+39+WARSZAWA,,02-591,WARSZAWA,SPÓŁDZIELNIA,19.09.2001,52.2099911,21.0081412
"SPÓŁDZIELNIA MIESZKANIOWA ""MIŁA""",0000041402,5250006905,01056001000000,ANIELEWICZA+23A+WARSZAWA,,01-026,WARSZAWA,SPÓŁDZIELNIA,12.09.2001,52.2464614,20.987308036834776
"SKŁADNICA IMPORTOWA ARTYKUŁÓW PRZEMYSŁOWYCH ""SAMOPOMOC"" SPÓŁDZIELNIA OSÓB PRAWNYCH",0000041916,5250005202,00038470400000,MARYNARSKA+14+WARSZAWA,,02-674,WARSZAWA,SPÓŁDZIELNIA,10.09.2001,52.18112045,20.99107739048205
"SPÓŁDZIELNIA MIESZKANIOWA ""PODLEŚNA""",0000041813,5250012277,00621516700000,MARYMONCKA+32B+WARSZAWA,20,01-869,WARSZAWA,SPÓŁDZIELNIA,05.09.2001,52.2820655,20.95850743077117
"SPÓŁDZIELNIA MIESZKANIOWA ""SZCZĘŚLIWICE""",0000039464,5251001057,01117737100000,WŁODARZEWSKA+59D+WARSZAWA,,02-384,WARSZAWA,SPÓŁDZIELNIA,29.08.2001,52.2005769,20.954937381837553
"SPÓŁDZIELNIA BUDOWLANO-MIESZKANIOWA""MERKURY""",0000038688,5261663044,00647283000000,ALEJA+KOMISJI+EDUKACJI+NARODOWEJ+24+WARSZAWA,,02-797,WARSZAWA,SPÓŁDZIELNIA,27.08.2001,52.134289,21.0635822
"SPÓŁDZIELNIA MIESZKANIOWA "" OŚ SASKA """,0000038475,5250006710,00623341000000,+GRZYBOWSKA+16/22+WARSZAWA,,00-132,WARSZAWA,SPÓŁDZIELNIA,27.08.2001,52.2375648,20.9991228
"SPÓŁDZIELNIA MIESZKANIOWA ""PAX"" W UPADŁOŚCI",0000038220,5250006319,00049106700000,+STANÓW+ZJEDNOCZONYCH+72+WARSZAWA,UŻ. 24,04-036,WARSZAWA,SPÓŁDZIELNIA,24.08.2001,52.243184,21.0851665
"SPÓŁDZIELNIA MIESZKANIOWA ""CENTRUM I""",0000037033,5250012113,00622813500000,ŚWIĘTOKRZYSKA+31/33A+WARSZAWA,,00-049,WARSZAWA,SPÓŁDZIELNIA,22.08.2001,52.2350703,21.0099327
"SPÓŁDZIELNIA MIESZKANIOWA ""NOWODWORSKA""",0000035880,5242402986,01736393300000,NOWODWORSKA+14+E+WARSZAWA,,03-133,WARSZAWA,SPÓŁDZIELNIA,17.08.2001,52.32202995,20.94095770654545
"SPÓŁDZIELNIA ""WOLA""",0000036462,5250002273,00070633200000,GRZYBOWSKA+76/78+WARSZAWA,,00-844,WARSZAWA,SPÓŁDZIELNIA,16.08.2001,52.2357933,20.9969736
"HANDLOWA SPÓŁDZIELNIA PRACY""HURT""",0000032102,5250005372,00217895000000,WOLSKA+84/86+WARSZAWA,,01-141,WARSZAWA,SPÓŁDZIELNIA,16.08.2001,52.2322512,20.9594022
SPÓŁDZIELNIA BUDOWLANO-MIESZKANIOWA NAUCZYCIELI,0000031021,5250011154,01250866300000,KORZONA+115+WARSZAWA,,03-571,WARSZAWA,SPÓŁDZIELNIA,14.08.2001,52.27826025,21.0497921910891
"SPÓŁDZIELNIA MIESZKANIOWA ""PRZY METRZE""",0000033334,9510026546,01048552100000,ALEJA+KOMISJI+EDUKACJI+NARODOWEJ+36+WARSZAWA,U-128,02-797,WARSZAWA,SPÓŁDZIELNIA,03.08.2001,52.1400054,21.0592553
"SPÓŁDZIELNIA BUDOWLANO-MIESZKANIOWA ""SOLNA""",0000032246,5251978674,00097418500000,JANA+PAWŁA+II+38+WARSZAWA,,00-141,WARSZAWA,SPÓŁDZIELNIA,31.07.2001,52.2177024,21.2237216
"SPÓŁDZIELNIA BUDOWLANO MIESZKANIOWA ""TORWAR""",0000032164,5250006762,00138400800000,GÓRNOŚLĄSKA+9/11+WARSZAWA,,00 - 443,WARSZAWA,SPÓŁDZIELNIA,30.07.2001,52.225249250000005,21.038570511160273
"SPÓŁDZIELNIA MIESZKANIOWA ""DOMHUT""",0000031897,5250012857,01047472400000,+ZBIGNIEWA+ROMASZEWSKIEGO+6+WARSZAWA,B6,01-892,WARSZAWA,SPÓŁDZIELNIA,27.07.2001,52.2703706,20.9550105
ŚRÓDMIEJSKA SPÓŁDZIELNIA MIESZKANIOWA W UPADŁOŚCI LIKWIDACYJNEJ,0000016725,5250012099,00065751000000,+3+MAJA+12+WARSZAWA,-,00 - 391,WARSZAWA,SPÓŁDZIELNIA,25.07.2001,52.2346746,21.03202228126393
"SPÓŁDZIELNIA MIESZKANIOWA ""ŁAZIENKOWSKA""",0000014693,5250006555,00622224000000,+POLNA+30+WARSZAWA,63,00-635,WARSZAWA,SPÓŁDZIELNIA,25.07.2001,52.2406603,21.189223408826876
SPÓŁDZIELNIA MIESZKANIOWA PRZY MINISTERSTWIE SPRAW WEWNĘTRZNYCH,0000029183,5250006348,00048975100000,RACŁAWICKA+2+WARSZAWA,,02-601,WARSZAWA,SPÓŁDZIELNIA,19.07.2001,52.2002661,21.022967875807588
"LOKATORSKO-WŁASNOŚCIOWA SPÓŁDZIELNIA MIESZKANIOWA ""BUDOWA""",0000027073,5250012515,00049219600000,PLUTONU+TORPEDY+47+WARSZAWA,,02-495,WARSZAWA,SPÓŁDZIELNIA,13.07.2001,52.19318595,20.88779102032744
"WARSZAWSKA SPÓŁDZIELNIA MIESZKANIOWA ""ŻOLIBORZ CENTRALNY""",0000026051,5250012774,00691284800000,ADAMA+PRÓCHNIKA+6+WARSZAWA,,01-585,WARSZAWA,SPÓŁDZIELNIA,06.07.2001,52.26850415,20.981054579619787
"KOSMETYCZNO-LEKARSKA SPÓŁDZIELNIA PRACY ""IZIS""",0000026036,5250005745,00042273500000,ŚNIADECKICH+21+WARSZAWA,16,00-654,WARSZAWA,SPÓŁDZIELNIA,06.07.2001,52.2203737,21.0131267
"SPÓŁDZIELNIA BUDOWLANO-MIESZKANIOWA ""ANDRZEJÓWKA""",0000025981,5262142034,00049000400000,ANDRZEJOWSKA+3+WARSZAWA,,02-312,WARSZAWA,SPÓŁDZIELNIA,06.07.2001,52.220818050000005,20.98156178518775
"SPÓŁDZIELNIA MIESZKANIOWA ""KSAWERÓW""",0000025563,5250011473,01102009500000,ALEJA+NIEPODLEGŁOŚCI+43+WARSZAWA,,02-653,WARSZAWA,SPÓŁDZIELNIA,06.07.2001,52.1873489,21.01728137401092
"SPÓŁDZIELNIA MIESZKANIOWA ""LOKATA""",0000020800,9511621647,01233764100000,NOWOURSYNOWSKA+143J+WARSZAWA,,02-776,WARSZAWA,SPÓŁDZIELNIA,04.07.2001,52.1517496,21.059001601585148
"SPÓŁDZIELNIA MIESZKANIOWA ""OSIEDLE STRYJEŃSKICH""",0000024786,5262558763,01734083700000,STRYJEŃSKICH+8+WARSZAWA,290A,02-791,WARSZAWA,SPÓŁDZIELNIA,03.07.2001,52.1332292,21.055606584755836
"SPÓŁDZIELNIA MIESZKANIOWA ""MURANÓW""",0000023171,5250012478,01211364000000,DZIELNA+10+WARSZAWA,,00-162,WARSZAWA,SPÓŁDZIELNIA,03.07.2001,52.2471486,20.993687967776474
"SPÓŁDZIELNIA MIESZKANIOWA ""ARBUZOWA""",0000024328,5250012975,01210334000000,+KAZIMIERZA+KURATOWSKIEGO+2+WARSZAWA,,02-747,WARSZAWA,SPÓŁDZIELNIA,29.06.2001,52.170845850000006,21.05723654982588
"SPÓŁDZIELNIA BUDOWNICTWA MIESZKANIOWEGO ""ELPOL""",0000023244,9511830026,00135728200000,POD+LIPĄ+1+WARSZAWA,,02-798,WARSZAWA,SPÓŁDZIELNIA,28.06.2001,52.1283699,21.0610056
"SPÓŁDZIELNIA BUDOWLANO-MIESZKANIOWA ""RADAROWA""",0000023347,5251001117,01123043800000,RADAROWA+15+WARSZAWA,,02-137,WARSZAWA,SPÓŁDZIELNIA,27.06.2001,52.1904679,20.967538576571798
"SPÓŁDZIELNIA MIESZKANIOWA ""GOCŁAW-LOTNISKO""",0000021152,5250010060,00092091800000,ORLEGO+LOTU+6+WARSZAWA,,03-982,WARSZAWA,SPÓŁDZIELNIA,26.06.2001,52.227082100000004,21.09152488642828
"""SPOŁEM"" WARSZAWSKA SPÓŁDZIELNIA SPOŻYWCÓW PRAGA POŁUDNIE",0000020644,5250004728,00088025400000,+GROCHOWSKA+207+WARSZAWA,U8,04-077,WARSZAWA,SPÓŁDZIELNIA,21.06.2001,52.2439346,21.0861441
"SPÓŁDZIELNIA MIESZKANIOWA ""GÓRCZEWSKA""",0000012927,5250009536,00107152200000,DOROSZEWSKIEGO+4+WARSZAWA,,01-318,WARSZAWA,SPÓŁDZIELNIA,11.06.2001,52.2381552,20.9017628
"SPÓŁDZIELNIA MIESZKANIOWA ""ŻELAZNA BRAMA""",0000017795,5250006957,00141806100000,PLAC+MIROWSKI+14+WARSZAWA,,00-138,WARSZAWA,SPÓŁDZIELNIA,08.06.2001,52.23920285,20.99656777607609
"SPÓŁDZIELNIA BUDOWLANO-MIESZKANIOWA ""DOM""",0000017484,5250010025,00124169700000,+FASOLOWA+37+WARSZAWA,LU-1,02-482,WARSZAWA,SPÓŁDZIELNIA,08.06.2001,52.1999991,20.90592037521428
"SPÓŁDZIELNIA MIESZKANIOWA ""MIĘDZYNARODOWA"" W WARSZAWIE",0000016111,1132177612,01611735600000,MIĘDZYNARODOWA+44+WARSZAWA+PRAGA+POŁUDNIE,,03-922,WARSZAWA PRAGA POŁUDNIE,SPÓŁDZIELNIA,05.06.2001,52.23400325,21.06659175900875
"SPÓŁDZIELNIA MIESZKANIOWA "" OSIEDLE ZACISZE""",0000017250,5251001034,01111845700000,WOLIŃSKA+17+WARSZAWA,A,03-699,WARSZAWA,SPÓŁDZIELNIA,04.06.2001,52.289358050000004,21.082456475550536
"WARSZAWSKA SPÓŁDZIELNIA GASTRONOMICZNA""CENTRUM""",0000016748,5250004964,00140776100000,WIDOK+24+WARSZAWA,,00 - 023,WARSZAWA,SPÓŁDZIELNIA,04.06.2001,52.23119995,21.012560205155914
"SPÓŁDZIELNIA BUDOWLANO-MIESZKANIOWA ""ŚRÓDMIEŚCIE II""",0000011091,5250012544,00049134000000,SŁUPECKA+4+WARSZAWA,24,02-309,WARSZAWA,SPÓŁDZIELNIA,04.06.2001,52.220643300000006,20.983340074746877
"WARSZAWSKIE ZAKŁADY KALETNICZE ""NOMA"" SPÓŁDZIELNIA INWALIDÓW",0000016219,5250002072,00045577500000,KORKOWA+167+WARSZAWA,,04-549,WARSZAWA,SPÓŁDZIELNIA,01.06.2001,52.241983700000006,21.16233099554224
"SPÓŁDZIELNIA MIESZKANIOWA""WŁODARZEWSKA II""",0000014606,5261134334,01192551900000,WŁODARZEWSKA+53+A+WARSZAWA,,02-384,WARSZAWA,SPÓŁDZIELNIA,31.05.2001,52.2014498,20.957259923299205
"WARSZAWSKA SPÓŁDZIELNIA BUDOWLANO-MIESZKANIOWA ""CHOMICZÓWKA""",0000015990,5250011616,01201147700000,PABLA+NERUDY+1+WARSZAWA,,01-926,WARSZAWA,SPÓŁDZIELNIA,30.05.2001,52.2758492,20.9269407
"SPÓŁDZIELNIA MIESZKANIOWA ""NAD POTOKIEM""",0000013073,5250009542,01253629200000,ŁUKOWA+9+WARSZAWA,,02-767,WARSZAWA,SPÓŁDZIELNIA,24.05.2001,52.17473995,21.041971915863783
"SPÓŁDZIELNIA BUDOWLANO-MIESZKANIOWA ""WSPÓLNY TRUD""",0000011836,9511587270,00092090100000,CZAPLI+19+A+WARSZAWA,,02-781,WARSZAWA,SPÓŁDZIELNIA,19.05.2001,52.14946035,21.031235746504265
"SPÓŁDZIELNIA BUDOWNICTWA MIESZKANIOWEGO ""URSYNÓW""",0000011826,5250006354,00049111000000,KOMISJI+EDUKACJI+NARODOWEJ+98+WARSZAWA,,02-777,WARSZAWA,SPÓŁDZIELNIA,19.05.2001,52.1608485,21.03005137833373
"MIESZKANIOWA SPÓŁDZIELNIA WŁASNOŚCIOWA ""NOWY DOM """,0000011731,5250006986,00049063600000,MOKOTOWSKA+67+WARSZAWA,,00- 530,WARSZAWA,SPÓŁDZIELNIA,10.05.2001,52.2270368,21.022091
"SPÓŁDZIELNIA MIESZKANIOWA "" OSIEDLE STARÓWKA""",0000011375,5250012461,01042055600000,SCHILLERA+4+WARSZAWA,,00-248,WARSZAWA,SPÓŁDZIELNIA,09.05.2001,52.2478264,21.006401685619274
"SPÓŁDZIELNIA MIESZKANIOWA ""ARCHITEKT""",0000011347,5271240138,01182695800000,PEŁCZYŃSKIEGO+22E+WARSZAWA,,01-471,WARSZAWA,SPÓŁDZIELNIA,09.05.2001,52.24366355,20.90589249930556
"SPÓŁDZIELNIA MIESZKANIOWA ""ANIN""",0000011330,5251000566,00048985700000,+ROMANA+PAZIŃSKIEGO+6+WARSZAWA,01,04-643,WARSZAWA,SPÓŁDZIELNIA,09.05.2001,52.21523965,21.176039452627307
"SPÓŁDZIELNIA MIESZKANIOWA ""LENTZA 35""",0000010784,5251000980,01059823100000,LENTZA+35+WARSZAWA,,02-956,WARSZAWA,SPÓŁDZIELNIA,09.05.2001,52.1708924,21.071399258032322
"SPÓŁDZIELNIA MIESZKANIOWA ""MOKOTÓW""",0000010365,5250010746,00048974500000,+BALLADYNY+3C+WARSZAWA,,02-553,WARSZAWA,SPÓŁDZIELNIA,09.05.2001,52.200191849999996,21.003063846188585
SPÓŁDZIELNIA BUDOWLANO-MIESZKANIOWA STOKŁOSY,0000010235,5250011361,01105238500000,JASTRZĘBOWSKIEGO+22+WARSZAWA,,02-786,WARSZAWA,SPÓŁDZIELNIA,09.05.2001,52.1616336,21.0369979
"""SPOŁEM"" WARSZAWSKA SPÓŁDZIELNIA SPOŻYWCÓW ŚRÓDMIEŚCIE",0000010740,5250004906,00088027700000,NOWY+ŚWIAT+53+WARSZAWA,,00-042,WARSZAWA,SPÓŁDZIELNIA,08.05.2001,52.235741950000005,21.01804313589345
"WARSZAWSKA SPÓŁDZIELNIA MIESZKANIOWA ""OCHOTA"".",0000005346,5250006779,00049179400000,PRUSZKOWSKA+17+WARSZAWA,--,02-119,WARSZAWA,SPÓŁDZIELNIA,18.04.2001,52.2013485,20.9786298
SPÓŁDZIELNIA BUDOWLANO-MIESZKANIOWA PRACOWNIKÓW SŁUŻBY ZDROWIA,0000006969,5251000721,00049082000000,BRAZYLIJSKA+6+WARSZAWA,49,03-946,WARSZAWA,SPÓŁDZIELNIA,11.04.2001,52.23066745,21.063304884022394
"SPÓŁDZIELNIA MIESZKANIOWA ""OSIEDLE WILANÓW""",0000006346,5250006325,01205720300000,NIEMIROWSKA+1+WARSZAWA,4,02-921,WARSZAWA,SPÓŁDZIELNIA,05.04.2001,52.1756015,21.065039171296043
"SPÓŁDZIELNIA MIESZKANIOWA ""LAZUROWA""",0000006022,5250007106,00623278600000,ROZŁOGI+8+WARSZAWA,,01-310,WARSZAWA,SPÓŁDZIELNIA,04.04.2001,52.223934650000004,20.900473180402514
"SPÓŁDZIELNIA MIESZKANIOWA ""NA SKRAJU""",0000005774,5250011881,01102074100000,+STANISŁAWA+KULCZYŃSKIEGO+14+WARSZAWA,,02-777,WARSZAWA,SPÓŁDZIELNIA,04.04.2001,52.1485783,21.0553382
"SPÓŁDZIELNIA MIESZKANIOWA ""OSIEDLE MŁODYCH""",0000005530,5250011622,00048980500000,GRENADIERÓW+21+WARSZAWA,,04-052,WARSZAWA,SPÓŁDZIELNIA,04.04.2001,52.238954500000006,21.084138934250138
